,관광지명,도시,테마,도로명주소,지번주소,위도,경도,구글별점,검색건수,데이터셋카테고리
0,안동문화관광지,경상북도 안동시,,안동시 관광단지로 346-30 (성곡동),안동시 성곡동 1559,36.5695076,128.7786154,,,
1,하회관광지,경상북도 안동시,,안동시 풍천면 전서로 206,안동시 풍천면 하회리 287,36.5489594,128.5274931,,,
2,어답산관광지,강원도 횡성군,,강원도 횡성군 갑천면 어답산로 516,강원도 횡성군 갑천면 병지방리 539-1,37.59380861,128.0575207,,,
3,고래불관광지,경상북도 영덕군,,,경상북도 영덕군 병곡면 병곡리 72-8,36.600476,129.410658,,,
4,장사해수욕장관광지,경상북도 영덕군,,경상북도 영덕군 남정면 동해대로 3592,경상북도 영덕군 남정면 장사리 74-1,36.2824187049,129.3755938472,,,
5,유현문화관광지,강원도 횡성군,,강원도 횡성군 서원면 경강로유현1길 30,강원도 횡성군 서원면 유현리 1097,37.5290321124,127.8186828637,,,
6,웰리힐리파크 관광단지,강원도 횡성군,,강원도 횡성군 둔내면 고원로 451,강원도 횡성군 둔내면 두원리 204,37.4901261112,128.2501389201,,,
7,간월도관광지,충청남도 서산시,,,충청남도 서산시 부석면 간월도리 산33 일원,36.60625263,126.4177537,,,
8,서산류방택천문기상과학관,충청남도 서산시,,충청남도 서산시 인지면 무학로 1353-4,,36.72735767,126.4131464,,,
9,서산버드랜드,충청남도 서산시,,충청남도 서산시 부석면 천수만로 655-73,,36.62951253,126.378389,,,
10,용현자연휴양림,충청남도 서산시,,충청남도 서산시 운산면 마애삼존불길 339,,36.7518805,126.6076383,,,
11,해미읍성,충청남도 서산시,,충청남도 서산시 해미면 남문2로 143,,36.71355717,126.5503842,,,
12,심우장,서울특별시 성북구,,서울특별시 성북구 성북로29길 24,서울특별시 성북구 성북동 222-1,37.5936268,126.9916662,,,
13,길상사,서울특별시 성북구,,서울특별시 성북구 선잠로5길 68(성북동),서울특별시 성북구 성북동 324-1,37.59910942,126.9946522,,,
14,한국가구박물관,서울특별시 성북구,,서울특별시 성북구 대사관로121,서울특별시 성북구 성북동 330-577,37.60037831,126.9934492,,,
15,녹진관광지,전라남도 진도군,,,전라남도 진도군 군내면 녹진리 산2-14,34.568986,126.300201,,,
16,회동관광지,전라남도 진도군,,전라남도 진도군 고군면 신비의바닷길 148,전라남도 진도군 고군면 금계리 153-1,34.42726548,126.3513474,,,
17,아리랑마을관광지,전라남도 진도군,,전라남도 진도군 임회면 아리랑길 95-5,전라남도 진도군 임회면 상만리 11,34.38201529,126.2310334,,,
18,마니산 국민관광지,인천광역시 강화군,,인천광역시 강화군 화도면 마니산로675번길 18,인천광역시 강화군 화도면 상방리 402-2,37.63245827,126.4237957,,,
19,추사박물관,경기도 과천시,,경기도 과천시 추사로 78,경기도 과천시 주암동 184-2,37.45300477,127.0287157,,,
20,남당,충청남도 홍성군,,,충청남도 홍성군 서부면 남당리 859-2,36.539234315,126.471915368,,,
21,구드래관광지,충청남도 부여군,,충청남도 부여군 부여읍 백강로 148,충청남도 부여군 부여읍 구교리 17-4,36.28718846,126.9068136,,,
22,서동요역사관광지,충청남도 부여군,,충청남도 부여군 충화면 충신로 618,충청남도 부여군 충화면 가화리 313,36.14594895,126.8248464,,,
23,백제문화관광단지,충청남도 부여군,,충청남도 부여군 규암면 백제문로 400,충청남도 부여군 규암면 합정리 578,36.30386704,126.9007732,,,
24,보문관광단지,경상북도 경주시,,경상북도 경주시 보문로 446,경상북도 경주시 신평동 375-7,35.843673,129.2869659,,,
25,오색관광지,강원도 양양군,,,강원도 양양군 서면 가라피리 165,38.07706115,128.5128997,,,
26,지경관광지,강원도 양양군,,,강원도 양양군 현남면 지리 5-1,37.92741327,128.7948611,,,
27,설해원(양양국제공항),강원도 양양군,,,강원도 양양군 손양면 동호리 510-28,38.05555608,128.6641979,,,
28,만리포 관광지,충청남도 태안군,,충청남도 태안군 소원면 만리포2길 190-3,,36.7900078076,126.1465708612,,,
29,레인보우힐링관광지,충청북도 영동군,,,충청북도 영동군 영동읍 매천리 산 35-1,36.15635341,127.7865137,,,
30,송호관광지,충청북도 영동군,,충청북도 영동군 양산면 송호로 105,충청북도 영동군 양산면 송호리 249-8,36.12969079,127.676367,,,
31,순천만국가정원,전라남도 순천시,,전라남도 순천시 국가정원1호길 47,전라남도 순천시 오천동 600,34.92888588,127.4999591,,,
32,순천만습지,전라남도 순천시,,전라남도 순천시 순천만길 513-25(대대동),전라남도 순천시 대대동 162-2,34.88579701,127.5092833,,,
33,낙안읍성,전라남도 순천시,,전라남도 순천시 낙안면 충민길 30(동내리),전라남도 순천시 낙안면 동내리 438-1,34.90640107,127.3418227,,,
34,드라마촬영장,전라남도 순천시,,전라남도 순천시 비례골길 24(조례동),전라남도 순천시 조례동 22,34.95810919,127.5378026,,,
35,뿌리깊은나무박물관,전라남도 순천시,,전라남도 순천시 낙안면 평촌3길 45,전라남도 순천시 낙안면 남내리 219,34.9036464,127.3399827,,,
36,송광사,전라남도 순천시,,전라남도 순천시 송광면 송광사안길 100,전라남도 순천시 송광면 신평리 12,35.00236255,127.2748706,,,
37,선암사,전라남도 순천시,,전라남도 순천시 승주읍 선암사길 450,전라남도 순천시 승주읍 죽학리 802,34.99618213,127.327356,,,
38,에코촌유스호스텔,전라남도 순천시,,전라남도 순천시 해룡면 생태배움길 123,전라남도 순천시 해룡면 대안리 1055-9,34.92310938,127.5164423,,,
39,순천자연휴양림,전라남도 순천시,,전라남도 순천시 서면 청소년수련원길 170,전라남도 순천시 서면 운평리 산160,35.04388083,127.4744949,,,
40,기독교역사박물관,전라남도 순천시,,전라남도 순천시 매산길 61(매곡동),전라남도 순천시 매곡동 179-10,34.96043473,127.4801207,,,
41,승주골프장,전라남도 순천시,,전라남도 순천시 별량면 오실길 333,전라남도 순천시 별량면 덕정리 산90-1,34.89477542,127.4482083,,,
42,파인힐스골프장,전라남도 순천시,,전라남도 순천시 주암면 송광사길 99,전라남도 순천시 주암면 문길리 산20-2,35.03454985,127.2723022,,,
43,레이크힐스골프장,전라남도 순천시,,전라남도 순천시 주암면 행정1길 77,전라남도 순천시 주암면 행정리 1,35.0453779,127.3092617,,,
44,순천컨트리클럽,전라남도 순천시,,전라남도 순천시 별량면 동화사길 85,전라남도 순천시 별량면 죽산리 447,34.86653556,127.4059214,,,
45,부영컨트리클럽,전라남도 순천시,,전라남도 순천시 해룡면 신대로 188,전라남도 순천시 해룡면 신대리 1043,34.94005246,127.5555065,,,
46,그림책도서관,전라남도 순천시,,전라남도 순천시 도서관길 33(동외동),전라남도 순천시 동외동 176,34.9579091,127.4860252,,,
47,순천시청소년수련원,전라남도 순천시,,전라남도 순천시 서면 청소년수련원길 167,전라남도 순천시 서면 운평리 774-1,35.04652524,127.4733227,,,
48,순천용오름마을,전라남도 순천시,,전라남도 순천시 주암면 운룡2길 17,전라남도 순천시 주암면 운룡리 798-1,35.0921171,127.2020571,,,
49,순천향매실마을,전라남도 순천시,,전라남도 순천시 월등면 계월길 138,전라남도 순천시 월등면 계월리 493,35.0622232,127.4045173,,,
50,순천생태마을,전라남도 순천시,,전라남도 순천시 승주읍 고산도목길 9,전라남도 순천시 승주읍 도정리 1642-1,35.06648711,127.3602718,,,
51,거차뻘배체험마을,전라남도 순천시,,전라남도 순천시 별량면 거차길 130,전라남도 순천시 별량면 마산리 566-1,34.8375993,127.4474457,,,
52,낙안민속자연휴양림,전라남도 순천시,,전라남도 순천시 낙안면 민속마을길 1600,전라남도 순천시 낙안면 동내리 산3-1,34.91226789,127.3523884,,,
53,은파관광지,전라북도 군산시,,전라북도 군산시 은파순환길9 (나운동),전라북도 군산시 나운동 1223-5,35.95536227,126.6890748,,,
54,금강호관광지,전라북도 군산시,,전라북도 군산시 성산면 철새로 120,전라북도 군산시 성산면 성덕리 411-1,36.01987856,126.7653058,,,
55,삼척해수욕장,강원도 삼척시,,강원도 삼척시 수로부인길 453,,37.47034344,129.1647024,,,
56,맹방관광지,강원도 삼척시,,강원도 삼척시 근덕면 상맹방길 30-80,,37.39591618,129.2207941,,,
57,장호관광지,강원도 삼척시,,강원도 삼척시 근덕면 삼척로 2154,,37.2868038,129.3079336,,,
58,초당관광지,강원도 삼척시,,강원도 삼척시 근덕면 미근로 1629,,37.37650408,129.2047561,,,
59,한탄강관광지,경기도 연천군,,경기도연천군전곡읍선사로76,경기도 연천군 전곡읍 전곡리 696-3,38.0088769865,127.0588603913,,,
60,연천재인폭포,경기도 연천군,,,경기도 연천군 연천읍 부곡리 193,38.0767263059,127.1423450189,,,
61,연천호로고루,경기도 연천군,,,경기도 연천군 장남면 원당리 1258,37.985838723,126.859606534,,,
62,당포성,경기도 연천군,,,경기도 연천군 미산면 동이리 778,38.0235032171,126.9854182081,,,
63,연천전곡리유적,경기도 연천군,,경기도연천군전곡읍양연로1510,경기도 연천군 전곡읍 전곡리 515,38.0156483828,127.0614526431,,,
64,담양호국민관광지,전라남도 담양군,,,전라남도 담양군 용면 월계리 149-67,35.4019831,126.9990829,,,
65,죽녹원,전라남도 담양군,,전라남도 담양군 담양읍 죽녹원로 119,전라남도 담양군 담양읍 향교리 산37-6,35.32535666,126.9866155,,,
66,메타세쿼이아랜드,전라남도 담양군,,,전라남도 담양군 담양읍 학동리 578-4,35.32342607,127.001993,,,
67,소쇄원,전라남도 담양군,,전라남도 담양군 가사문학면 소쇄원길 17,전라남도 담양군 가사문학면 지곡리 123,35.18433903,127.0121793,,,
68,한국대나무박물관,전라남도 담양군,,전라남도 담양군 담양읍 죽향문화로 35,전라남도 담양군 담양읍 천변리 401-1,35.30934367,126.9764088,,,
69,한국가사문학관,전라남도 담양군,,전라남도 담양군 가사문학면 가사문학로 877,전라남도 담양군 가사문학면 지곡리 319,35.18796216,127.0054858,,,
70,슬로시티삼지내마을,전라남도 담양군,,전라남도 담양군 창평면 돌담길 56-24,전라남도 담양군 창평면 창평리 113-1,35.23522516,127.0178498,,,
71,화순온천,전라남도 화순군,,전라남도 화순군 백아면 옥리길 14-7,,35.1624699,127.0837781,,,
72,도곡온천,전라남도 화순군,,전라남도 화순군 도곡면 온천2길 44,,35.02470562,126.903529,,,
73,운주사,전라남도 화순군,,전라남도 화순군 도암면 천태로 91-44,,34.92906333,126.8825635,,,
74,대둔산도립공원,전라북도 완주군,,전라북도 완주군 운주면 대둔산공원길 23,,36.11708032,127.3328815,,,
75,모악산도립공원,전라북도 완주군,,전라북도 완주군 구이면 모악산길 91,,35.72946608,127.1098589,,,
76,고산자연휴양림,전라북도 완주군,,전라북도 완주군 고산면 고산휴양림로 246,,35.96224205,127.2328719,,,
77,상관 공기마을 편백숲,전라북도 완주군,,전라북도 완주군 상관면 죽림편백길 191-24,,35.737491,127.2023884,,,
78,대아수목원&대아호,전라북도 완주군,,전라북도 완주군 동상면 대아수목로 94-34,,35.97623865,127.3003851,,,
79,비비정,전라북도 완주군,,전라북도 완주군 삼례읍 비비정길 96-9,,35.90154901,127.071693,,,
80,비비정예술열차,전라북도 완주군,,전라북도 완주군 삼례읍 비비정길 73-21,,35.89880244,127.0676418,,,
81,삼례문화예술촌,전라북도 완주군,,전라북도 완주군 삼례읍 삼례역로 81-13,,35.90623513,127.0658535,,,
82,삼례책마을,전라북도 완주군,,전라북도 완주군 삼례읍 삼례역로 68,,35.90745719,127.065756,,,
83,그림책미술관,전라북도 완주군,,전라북도 완주군 삼례읍 삼례역로 48-1,,35.90832046,127.068059,,,
84,대한민국술테마박물관,전라북도 완주군,,전라북도 완주군 구이면 덕천전원길 232-58,,35.726048,127.1361627,,,
85,완주전통문화체험장,전라북도 완주군,,전라북도 완주군 고산면 대아저수로 416,,35.98879491,127.261342,,,
86,청소년전통문화체험관,전라북도 완주군,,전라북도 완주군 고산면 대아저수로 416,,35.98879491,127.261342,,,
87,놀토피아,전라북도 완주군,,전라북도 완주군 고산면 대아저수로 416,,35.98879491,127.261342,,,
88,오성한옥마을,전라북도 완주군,,전라북도 완주군 소양면 오도길 73,,35.90695186,127.2367573,,,
89,무궁화오토캠핑장,전라북도 완주군,,전라북도 완주군 고산면 고산휴양림로 89,,35.97398132,127.2315513,,,
90,송광사&벚꽃길,전라북도 완주군,,전라북도 완주군 소양면 송광수만로 255-16,,35.885763,127.2417509,,,
91,위봉사&위봉폭포&위봉산성,전라북도 완주군,,전라북도 완주군 소양면 위봉길 53,,35.9105769,127.2572831,,,
92,화암사,전라북도 완주군,,전라북도 완주군 경천면 화암사길 271,,36.06629938,127.2872339,,,
93,속초해수욕장,강원도 속초시,,강원도 속초시 해오름로 186,강원도 속초시 조양동 1464-7,38.19014712,128.603531,,,
94,척산온천,강원도 속초시,,강원도 속초시 관광로 327,강원도 속초시 노학동 972-1,38.190269,128.5407013,,,
95,설악한화리조트,강원도 속초시,,강원도 속초시 미시령로 2983번길 111,속초시 장사동 24-1,38.21030027,128.5287216,,,
96,부평아트센터,인천광역시 부평구,,인천광역시 부평구 아트센터로 166,인천광역시 부평구 십정동 186-22,37.4822383,126.7049334,,,
97,기후변화체험관,인천광역시 부평구,,인천광역시 부평구 장제로 267,인천광역시 부평구 갈산동 403,37.50932668,126.7307645,,,
98,부평역사박물관,인천광역시 부평구,,인천광역시 부평구 굴포로 151,인천광역시 부평구 삼산동 451-1,37.51214216,126.7379081,,,
99,부평안전체험관,인천광역시 부평구,,인천광역시 부평구 굴포로 110,인천광역시 부평구 삼산동 441-6,37.51098789,126.7333177,,,
100,인천나비공원,인천광역시 부평구,,인천광역시 부평구 평천로 26-47,인천광역시 부평구 청천동 68-12,37.52026697,126.6927245,,,
101,용마폭포공원,서울특별시 중랑구,,서울특별시 중랑구 용마산로 250-12,서울특별시 중랑구 면목동 산 1-4,37.57335201,127.0891138,,,
102,망우리공원,서울특별시 중랑구,,서울특별시 망우로 570,서울특별시 중랑구 망우동 산 57-1,37.59835362,127.1148164,,,
103,중랑캠핑숲,서울특별시 중랑구,,서울특별시 망우로87길 110,서울특별시 중랑구 망우동 76,37.606893,127.1106972,,,
104,옹기테마공원,서울특별시 중랑구,,서울특별시 신내로21길 116,서울특별시 중랑구 신내동 777,37.61265372,127.0885194,,,
105,천안종합휴양관광지,충청남도 천안시,,충청남도 천안시 동남구 성남면 종합휴양지로 200,,36.75731215,127.2240961,,,
106,태조산관광지,충청남도 천안시,,충청남도 천안시 동남구 태조산길 261,,36.82207666,127.1889559,,,
107,춘향테마파크,전라북도 남원시,,전라북도 남원시 양림길 14-9,,35.401464,127.386902,,,
108,남원항공우주천문대,전라북도 남원시,,전라북도 남원시 양림길 48-63,,35.399194,127.387388,,,
109,남원시립김병종미술관,전라북도 남원시,,전라북도 남원시 함파우길 65-14,,35.398706,127.389555,,,
110,혼불문학관,전라북도 남원시,,전라북도 남원시 사매면 노봉안길 52,,35.481096,127.319992,,,
111,국악의 성지,전라북도 남원시,,전라북도 남원시 운봉읍 비전길 69,,35.459997,127.569101,,,
112,지리산허브밸리,전라북도 남원시,,전라북도 남원시 운봉읍 바래봉길 214,,35.435092,127.548617,,,
113,남원백두대간생태교육장전시관,전라북도 남원시,,전라북도 남원시 운봉읍 운봉로 151,,35.397328,127.5079302349,,,
114,만인의총,전라북도 남원시,,전라북도 남원시 만인로 3,,35.420404,127.377325,,,
115,아담원,전라북도 남원시,,전라북도 남원시 이백면 목가길 193,,35.440571,127.476826,,,
116,남원관광지,전라북도 남원시,,전라북도 남원시 양림길 12,,35.402481,127.386137,,,
117,농월정,경상남도 함양군,,경상남도 함양군 안의면 농월정길 9-35,경상남도 함양군 안의면 월림리 727-1,35.62464301,127.7815571,,,
118,달성토성마을,대구광역시 서구,,대구광역시 서구 국채보상로 83길 21 (비산동) 일대,대구광역시 서구 비산동 404-5,35.87331563,128.5753765,,,
119,오수의견관광지,전라북도 임실군,,전라북도 임실군 오수면 충효로 2096-16,"전라북도 임실군 오수면 오수리 33, 임실군문화체육센터",35.54520338,127.3326779,,,
120,사선대관광지,전라북도 임실군,,전라북도 임실군 관촌면 사선2길 68-7,"전라북도 임실군 관촌면 관촌리 222, 사선대 관리 사무소",35.672357,127.2746265,,,
121,율포해수욕장,전라남도 보성군,,전라남도 보성군 회천면 우암길 24,전라남도 보성군 회천면 동율리 678,34.6700292567,127.0890241277,,,
122,한국차문화공원,전라남도 보성군,,전라남도 보성군 보성읍 녹차로 775,전라남도 보성군 보성읍 봉산리 1197,34.7198764301,127.0817099093,,,
123,황령산관광지,부산광역시 수영구,,부산광역시 수영구 황령산로 156,부산광역시 수영구 광안동 산 60-1,35.1552432,129.1029084,,,
124,고구려대장간마을,경기도 구리시,,경기도 구리시 우미내길 41,경기도 구리시 아천동 산45-1,37.56080787,127.1109492,,,
125,대전문화예술단지,대전광역시,,대전광역시 서구 둔산대로 169,대전광역시 서구 만년동 396,36.366496,127.3880154,,,
126,동구릉,경기도 구리시,,경기도 구리시 동구릉로 197,경기도 구리시 인창동 66-1,37.6171286013,127.136333982,,,
127,우장춘기념관,부산광역시 동래구,,부산광역시 동래구 우장춘로62번길 7(온천동),부산광역시 동래구 온천동 850-48,35.213515,129.0720181,,,
128,장영실과학동산,부산광역시 동래구,,부산광역시 동래구 동래역사관길 18(복천동),부산광역시 동래구 복천동 1-2,35.20916308,129.0896688,,,
129,박차정의사생가,부산광역시 동래구,,부산광역시 동래구 명륜로 98번길 129-10(칠산동),부산광역시 동래구 칠산동 319-1,35.20169645,129.090397,,,
130,금강공원,부산광역시 동래구,,부산광역시 동래구 우장춘로 155 (온천동),부산광역시 동래구 온천동 291-1,35.21962513,129.075758,,,
131,허심청,부산광역시 동래구,,부산광역시 동래구 온천장로107번길 32 (온천동),부산광역시 동래구 온천동 137,35.221157,129.0826889,,,
132,복천박물관,부산광역시 동래구,,부산광역시 동래구 복천로 63(복천동),부산광역시 동래구 복천동 16-5,35.20877662,129.0911741,,,
133,충렬사,부산광역시 동래구,,부산광역시 동래구 충렬대로 345,부산광역시 동래구 안락동 421-33,35.199577,129.0959922,,,
134,해양자연사박물관,부산광역시 동래구,,부산광역시 동래구 우장춘로 175 (온천동),부산광역시 동래구 온천동 산 13-1,35.2219498,129.075647,,,
135,표충비,경상남도 밀양시,,경상남도 밀양시 무안면 동부동안길4,,35.471582,128.6520376,,,
136,작원관지,경상남도 밀양시,,경상남도 밀양시 삼랑진읍 작원관지길 77,경상남도 밀양시 삼랑진읍 검세리 135,35.398531257,128.866576344,,,
137,예림서원,경상남도 밀양시,,경상남도 밀양시 부북면 예림서원로128,,35.46605971,128.7299691,,,
138,밀양향교,경상남도 밀양시,,경상남도 밀양시 밀양향교3길 19 (교동),,35.50660573,128.7545381,,,
139,밀양관아,경상남도 밀양시,,경상남도 밀양시 중앙로348,,35.49429512,128.754331,,,
140,밀양영남루,경상남도 밀양시,,경상남도 밀양시 중앙로324,,35.49154522,128.755608,,,
141,만어사,경상남도 밀양시,,경상남도 밀양시 삼랑진읍 만어로776,,35.454932,128.846222,,,
142,표충사,경상남도 밀양시,,경상남도 밀양시 단장면 표충로1338,,35.532294,128.959045,,,
143,고씨굴 관광지,강원도 영월군,,강원도 영월군 김삿갓면 영월동로 1111,강원도 영월군 김삿갓면 진별리 506-1,37.13117779,128.5352623,,,
144,부석사관광지,경상북도 영주시,,경상북도 영주시 부석면 부석사로 298,경상북도 영주시 부석면 북지리 301-4,36.99435088,128.6797054,,,
145,장계관광지,충청북도 옥천군,,충청북도 옥천군 안내면 장계1길 57,충청북도 옥천군 안내면 장계리 산7-1,36.37728877,127.6356203,,,
146,금강하구둑관광지,충청남도 서천군,,충청남도 서천군 마서면 장산로 855번길 56-2,충청남도 서천군 마서면 도삼리 71-5,36.01993599,126.736726,,,
147,춘장대,충청남도 서천군,,충청남도 서천군 서면 춘장대길 20,충청남도 서천군 서면 도둔리 1319,36.16334922,126.5243355,,,
148,으능정이문화의거리,대전광역시,,대전광역시 중구 중앙로 170,대전광역시 중구 은행동 45-10,36.32934665,127.428337,,,
149,온달관광지,충청북도 단양군,,충청북도 단양군 영춘면 온달로 23,충청북도 단양군 영춘면 하리 147,37.06295564,128.4929221,,,
150,천동관광지,충청북도 단양군,,충청북도 단양군 단양읍 다리안로 520,충청북도 단양군 단양읍 천동리 201,36.97401141,128.4165952,,,
151,다리안관광지,충청북도 단양군,,충청북도 단양군 단양읍 소백산등산길 12,충청북도 단양군 단양읍 천동리 409,36.9647819,128.4207808,,,
152,경산온천,경상북도 경산시,,경상북도 경산시 남산면 상대로116길 18,경상북도 경산시 남산면 상대리 528,35.78037855,128.7922287,,,
153,무극전적국민관광지,충청북도 음성군,,충청북도 음성군 음성읍 생음대로 594,충청북도 음성군 음성읍 소여리 897,36.95063812,127.6470131659,,,
154,우수영관광지,전라남도 해남군,,전라남도 해남군 문내면 관광레저로 1,전라남도 해남군 문내면 학동리 1021,34.57257374,126.3101147,,,
155,땅끝관광지,전라남도 해남군,,전라남도 해남군 송지면 땅끝마을길 100,전라남도 해남군 송지면 송호리 1158-5,34.29471348,126.5250233,,,
156,경천대관광지,경상북도 상주시,,경상북도 상주시 사벌국면 경천로 652,경상북도 상주시 사벌국면 삼덕리 1-13,36.45722382,128.2478641,,,
157,회상나루관광지,경상북도 상주시,,경상북도 상주시 중동면 갱다불길 97,경상북도 상주시 중동면 회상리 764,36.44187503,128.2657793,,,
158,이바구공작소,부산광역시 동구,,부산광역시 동구 망양로486번길 14-13,부산광역시 동구 초량동 875-2,35.1170993891,129.0338233,,,
159,장기려더나눔센터,부산광역시 동구,,부산광역시 동구 영초윗길 48,부산광역시 동구 초량동 856-31,35.11853593,129.0326526,,,
160,이바구충전소,부산광역시 동구,,부산광역시 동구 영초윗길 25,부산광역시 동구 초량동 974-4,35.11735028,129.034686,,,
161,168계단 부대시설,부산광역시 동구,,부산광역시 동구 영초윗길26번길 14,부산광역시 동구 초량동 994-520,35.117699498,129.0353474,,,
162,김민부전망대,부산광역시 동구,,부산광역시 동구 영초윗길26번길 14,부산광역시 동구 초량동 994-520,35.117699498,129.0353474,,,
163,유치환의 우체통,부산광역시 동구,,부산광역시 동구 망양로580번길 2,부산광역시 동구 초량동 827-44,35.1220958828,129.0338423,,,
164,소흥관(한중우호센터),부산광역시 동구,,부산광역시 동구 초량중로 36,부산광역시 동구 초량동 546,35.11507608,129.0375502,,,
165,만화체험관,부산광역시 동구,,부산광역시 동구 성북로 42-1,부산광역시 동구 범일동 1405-1,35.13778041,129.0497944,,,
166,안용복기념 부산포개항문화관,부산광역시 동구,,부산광역시 동구 증산로 100,부산광역시 동구 좌천동 722,35.13563677,129.0529467,,,
167,좌천동굴,부산광역시 동구,,부산광역시 동구 고관로185번길 1,부산광역시 동구 좌천동 567-2,35.13325838,129.0522683,,,
168,만화카페,부산광역시 동구,,부산광역시 동구 성북로 31,부산광역시 동구 좌천동 892-8,35.1367514333,129.0496096004,,,
169,명란브랜드연구소,부산광역시 동구,,부산광역시 동구 영초윗길 22-1,부산광역시 동구 초량동 994-351,35.117117,129.0350159854,,,
170,창원단감테마공원,경상남도 창원시,,경상남도 창원시 의창구 동읍 동읍로 359번길 27,,35.29915488,128.6632468,,,
171,창원의집,경상남도 창원시,,경상남도 창원시 의창구 사림로 16번길 59,,35.24444959,128.6813533,,,
172,주남저수지,경상남도 창원시,,경상남도 창원시 의창구 동읍 주남로 101번길 26,,35.30732964,128.6779306,,,
173,마금산온천,경상남도 창원시,,경상남도 창원시 의창구 북면 천주로 1167,,35.35464845,128.6094168,,,
174,창원과학체험관,경상남도 창원시,,경상남도 창원시 성산구 충혼로 72번길 16,,35.230268,128.6617774,,,
175,마산해양레포츠센터,경상남도 창원시,,경상남도 창원시 마산합포구 제2부두로 56,,35.19796654,128.5759021,,,
176,웅천도요지전시관,경상남도 창원시,,경상남도 창원시 진해구 두동도요로 198,,35.12738997,128.8155983,,,
177,진해해양레포츠센터,경상남도 창원시,,경상남도 창원시 진해구 천자로 160,,35.14129989,128.6883002,,,
178,최참판댁,경상남도 하동군,,경상남도 하동군 악양면 평사리길 66-7,경상남도 하동군 악양면 평사리 483,35.15590905,127.688408,,,
179,화개장터,경상남도 하동군,,경상남도 하동군 화개면 쌍계로 15,경상남도 하동군 화개면 탑리 726-46,35.18798946,127.6240666,,,
180,삼성궁,경상남도 하동군,,경상남도 하동군 청암면 삼성궁길 2,경상남도 하동군 청암면 묵계리 1738-3,35.23870093,127.7054288,,,
181,이병주문학관,경상남도 하동군,,경상남도 하동군 북천면 이명골길 14-28,경상남도 하동군 북천면 직전리 231,35.09720238,127.8942256,,,
182,하동레일파크,경상남도 하동군,,경상남도 하동군 북천면 경서대로 2446-6,경상남도 하동군 북천면 직전리 1477-2,35.11333681,127.8929765,,,
183,지리산역사관,경상남도 하동군,,경상남도 하동군 화개면 화개로 1438,경상남도 하동군 화개면 대성리 1389,35.2896912,127.646527,,,
184,하동알프스레포츠,경상남도 하동군,,경상남도 하동군 금남면 경충로 493-9,경상남도 하동군 금남면 중평리 763,34.98260917,127.894714,,,
185,하동 플라이웨이 케이블카,경상남도 하동군,,경상남도 하동군 금남면 경충로 461-7,경상남도 하동군 금남면 중평리 772,34.98083847,127.8952769,,,
186,서창한옥문화관,광주광역시 서구,,광주광역시 서구 눌재로 420,광주광역시 서구 세하동 559-1,35.1152353658,126.8300424354,,,
187,유니온파크,경기도 하남시,,경기도 하남시 미사대로 710,경기도 하남시 신장동 27,37.54654783,127.2205032,,,
188,광주향교,경기도 하남시,,경기도 하남시 대성로 126-13,경기도 하남시 교산동 227-3,37.52207622,127.1984175,,,
189,이성산성,경기도 하남시,,,경기도 하남시 춘궁동 산 36,37.52530687,127.1847777,,,
190,미사경정공원,경기도 하남시,,경기도 하남시 미사대로 505,,37.553452043,127.213212795,,,
191,세계무술공원,충청북도 충주시,,충청북도 충주시 남한강로 24,충청북도 충주시 금릉동 601,36.98782919,127.9055691,,,
192,충주호체험,충청북도 충주시,,충청북도 충주시 중앙탑면 중앙탑길 150,충청북도 충주시 중앙탑면 탑평리 545-1,37.02308256,127.8619229,,,
193,능암온천,충청북도 충주시,,충청북도 충주시 앙성면 새바지길 37,충청북도 충주시 앙성면 능암리 14-1,37.09370046,127.802172,,,
194,충온온천,충청북도 충주시,,충청북도 충주시 앙성면 산전장수1길 103,충청북도 충주시 앙성면 돈산리 13-1,37.10173095,127.7962316,,,
195,평택호관광단지,경기도 평택시,,경기도 평택시 현덕면 평택호길 48,경기도 평택시 현덕면 권관리 551-3,36.9148246,126.912951,,,
196,산정호수,경기도 포천시,,경기도 포천시 영북면 산정호수로411번길 5 일원,경기도 포천시 영북면 산정리 451-3일원,38.065669,127.315722,,,
197,백운계곡,경기도 포천시,,경기도 포천시 이동면 포화로 236-24 일원,경기도 포천시 이동면 도평리 35 일원,38.072165,127.409889,,,
198,김해가야테마파크,경상남도 김해시,,경상남도 김해시 가야테마길 161,경상남도 김해시 어방동 986,35.25163508,128.8937494,,,
199,김해낙동강레일파크,경상남도 김해시,,경상남도 김해시 생림면 마사로473번길 41,경상남도 김해시 생림면 마사리 654-4,35.37177644,128.8208387,,,
200,가야랜드,경상남도 김해시,,경상남도 김해시 인제로 368(삼방동),경상남도 김해시 삼방동 1391-2,35.25817158,128.9024348,,,
201,김해천문대,경상남도 김해시,,경상남도 김해시 가야테마길 254(어방동),경상남도 김해시 어방동 산2-80,35.25306424,128.887298,,,
202,롯데워터파크,경상남도 김해시,,경상남도 김해시 장유로 555(신문동),경상남도 김해시 신문동 1417,35.17891121,128.8285605,,,
203,클레이아크김해미술관,경상남도 김해시,,경상남도 김해시 진례면 진례로 275-51,경상남도 김해시 진례면 송정리 358,35.25086479,128.7447968,,,
204,김해한옥체험관,경상남도 김해시,,경상남도 김해시 가락로93번길 40(봉황동),경상남도 김해시 봉황동 425-13,35.23436297,128.8766847,,,
205,노무현대통령생가,경상남도 김해시,,경상남도 김해시 진영읍 봉하로111번길 16,경상남도 김해시 진영읍 본산리 36,35.31448783,128.7701595,,,
206,수로왕릉,경상남도 김해시,,경상남도 김해시 가락로93번길 26(서상동),경상남도 김해시 서상동 312,35.23487875,128.8772054,,,
207,부경동물원,경상남도 김해시,,경상남도 김해시 유하로226번길 70,경상남도 김해시 유하동 88,35.2203238,128.8197957,,,
208,해인사,경상남도 합천군,,경상남도 합천군 가야면 해인사길 122,경상남도 합천군 가야면 치인리 10,35.801504,128.0976255,,,
209,대장경테마파크,경상남도 합천군,,경상남도 합천군 가야면 가야산로 1160,경상남도 합천군 가야면 야천리 943,35.76749785,128.1365362,,,
210,오도산 자연휴양림,경상남도 합천군,,경상남도 합천군 봉산면 오도산휴양로 398,경상남도 합천군 봉산면 압곡리 산150,35.67233319,128.0553007,,,
211,합천박물관,경상남도 합천군,,경상남도 합천군 쌍책면 황강옥전로 1558,경상남도 합천군 쌍책면 성산리 504,35.58042271,128.2829423,,,
212,황매산군립공원,경상남도 합천군,,경상남도 합천군 가회면 황매산공원길 4,경상남도 합천군 가회면 둔내리 1319,35.48184913,128.0037495,,,
213,영상테마파크&청와대세트장,경상남도 합천군,,경상남도 합천군 용주면 합천호수로 757,경상남도 합천군 용주면 가호리 418,35.54877253,128.0728984,,,
214,합천댐 물문화관,경상남도 합천군,,경상남도 합천군 대병면 합천호수로 197,경상남도 합천군 대병면 회양리 1603-1,35.531585,128.0295197,,,
215,황계폭포,경상남도 합천군,,경상남도 합천군 용주면 황계2길 30,경상남도 합천군 용주면 황계리 산156,35.51135706,128.071173,,,
216,정양레포츠공원,경상남도 합천군,,경상남도 합천군 대양면 동부로 39-13,경상남도 합천군 대양면 정양리 101-18,35.55690191,128.1668052,,,
217,정양늪생태공원,경상남도 합천군,,경상남도 합천군 대양면 대야로 730,경상남도 합천군 대양면 정양리 146,35.55322772,128.162786,,,
218,해인사 소리길,경상남도 합천군,,경상남도 합천군 가야면 가야산로 1160,경상남도 합천군 가야면 구원리 산9-5,35.76749785,128.1365362,,,
219,용문산 관광지,경기도 양평군,,경기도 양평군 용문면 용문산로641,경기도 양평군 용문면 신점리 515-2,37.54529617,127.583066,,,
220,두물머리,경기도 양평군,,경기도 양평군 양서면 두물머리길 145,경기도 양평군 양서면 양수리 697,37.53362262,127.3174715,,,
221,세미원,경기도 양평군,,경기도 양평군 양서면 양수로 93,경기도 양평군 양서면 용담리 428-8,37.54093866,127.3239608,,,
222,쉬자파크,경기도 양평군,,경기도 양평군 양평읍 쉬자파크길 193,경기도 양평군 양평읍 백안리 산45-2,37.51122354,127.5331978,,,
223,용대관광지,강원도 인제군,,강원도 인제군 북면 십이선녀탕길 16,강원도 인제군 북면 용대리 1795,38.18568475,128.3061965403,,,
224,방동관광지,강원도 인제군,,강원도 인제군 기린면 방동약수로 89-59,강원도 인제군 기린면 방동리 34-5,37.94387136,128.3962628,,,
225,오토테마파크,강원도 인제군,,강원도 인제군 기린면 상하답로 130,강원도 인제군 기린면 북리 516,38.00266835,128.2953845617,,,
226,성류굴 관광지,경상북도 울진군,,경상북도 울진군 근남면 성류굴로 202,경상북도 울진군 근남면 노음리 850-12,36.95884825,129.3794409,,,
227,백암온천 관광지,경상북도 울진군,,경상북도 울진군 온정면 온천로 7,경상북도 울진군 온정면 소태리 1453,36.72132775,129.343467,,,
228,인천도호부청사,인천광역시 미추홀구,,인천광역시 미추홀구 매소홀로 589,인천광역시 미추홀구 문학동 349-2,37.4393787,126.6868134,,,
229,예당관광지,충청남도 예산군,,충청남도 예산군 응봉면 예당관광로 161,,36.63801252,126.799434,,,
230,덕산온천관광단지,충청남도 예산군,,충청남도 예산군 덕산면 온천단지2로 11,충청남도 예산군 덕산면 신평리 513,36.69075649,126.659328,,,
231,임진각관광지,경기도 파주시,,경기도 파주시 문산읍 임진각로 177,경기도 파주시 문산읍 사목리 494-1,37.8895387555,126.7401858799,,,
232,공릉관광지,경기도 파주시,,경기도 파주시 조리읍 장곡로 218,경기도 파주시 조리읍 장곡리 420-6,37.7498111,126.8335655,,,
233,장흥관광지,경기도 양주시,,경기도 양주시 장흥면 권율로 193,경기도 양주시 장흥면 석현리 산 1,37.73281632,126.9492504,,,
234,실안관광지,경상남도 사천시,,경상남도 사천시 노을길 138,경상남도 사천시 실안동 1245-1,34.94398447,128.0399764,,,
235,대광해수욕장,전라남도 신안군,,전라남도 신안군 임자면 대광해수욕장길 179,전라남도 신안군 임자면 광산리 407-24,35.10291276,126.0725117,,,
236,가우도,전라남도 강진군,,전라남도 강진군 대구면 중저길 31-27,,34.53639075,126.791046,,,
237,영랑생가,전라남도 강진군,,전라남도 강진군 강진읍 영랑생가길 15,,34.6420738,126.7655711,,,
238,경북대학교 캠퍼스,대구광역시 북구,,대구광역시 북구 대학로80,대구광역시 북구 산격동 1370-1,35.88909849,128.6143217,,,
239,다산초당,전라남도 강진군,,전라남도 강진군 도암면 다산초당길 68-35,,34.5807211,126.7449445,,,
240,고려청자박물관,전라남도 강진군,,전라남도 강진군 대구면 청자촌길 33,,34.50866203,126.8008374,,,
241,백련사,전라남도 강진군,,전라남도 강진군 도암면 백련사길 145,,34.58775658,126.747892,,,
242,옥계해변관광지,강원도 강릉시,,강원도 강릉시 옥계면 금진솔밭길 104-29 일원,강원도 강릉시 옥계면 금진리 799-16 일원,37.62739946,129.0476423,,,
243,주문진해변관광지,강원도 강릉시,,강원도 강릉시 주문진읍 주문북로 222-30 일원,강원도 강릉시 주문진읍 향호리 8-22 일원,37.91137845,128.8178804,,,
244,연곡해변관광지,강원도 강릉시,,강원도 강릉시 연곡면 해안로 1282 일원,강원도 강릉시 연곡면 동덕리 99-13 일원,37.858992,128.851409,,,
245,등명해변관광지,강원도 강릉시,,강원도 강릉시 강동면 정동등명길 2 일원,강원도 강릉시 강동면 정동진리 440-41일원,37.70264843,129.0164178,,,
246,대관령어흘리관광지,강원도 강릉시,,강원도 강릉시 성산면 삼포암길 17 일원,강원도 강릉시 성산면 어흘리 508일원,37.719113,128.793989,,,
247,팔봉산관광지,강원도 홍천군,,강원도 홍천군 서면 한치골길 1124,,37.703098,127.695183,,,
248,소노벨비발디파크,강원도 홍천군,,강원도 홍천군 서면 한치골길 262,,37.65233706,127.6873348,,,
249,수동관광지,경기도 남양주시,,경기도 남양주시 수동면 비룡로 1635,경기도 남양주시 수동면 내방리 254,37.75797919,127.2753596,,,
250,송정관광지,경상남도 남해군,,경상남도 남해군 미조면 미송로 483,경상남도 남해군 미조면 송정리 1129,34.7231451,128.0249667,,,
251,영도관광안내센터,부산광역시 영도구,,부산광역시 영도구 봉래나루로 79,부산광역시 영도구 봉래동1가 1,35.09454127,129.0387847,,,
252,허준근린공원,서울특별시 강서구,,서울특별시 강서구 허준로5길 42,,37.56759867,126.8537291,,,
253,양천향교,서울특별시 강서구,,서울특별시 강서구 양천로47나길 53,,37.572863,126.839905,,,
254,약사사,서울특별시 강서구,,서울특별시 강서구 금낭화로17길 261,,37.58312625,126.8050072,,,
255,양천고성지,서울특별시 강서구,,서울특별시 강서구 양천로47나길 52-54,,37.57425363,126.8413319,,,
256,궁산땅굴역사전시관,서울특별시 강서구,,서울특별시 강서구 양천로49길 106,,37.57266746,126.8383649,,,
257,허가바위,서울특별시 강서구,,서울특별시 강서구 허준로5길 15,,37.56983571,126.8500301,,,
258,성기동,전라남도 영암군,,전라남도 영암군 군서면 왕인로 440,전라남도 영암군 군서면 동구림리 산18,34.75653201,126.6291224,,,
259,마한문화,전라남도 영암군,,전라남도 영암군 시종면 남해당로 65,전라남도 영암군 시종면 옥야리 956,34.89539241,126.5859196,,,
260,영산호관광지,전라남도 영암군,,전라남도 영암군 삼호읍 녹색로 653-11,전라남도 영암군 삼호읍 나불리 일원,34.776135,126.4577774,,,
261,함지공원,대구광역시 북구,,대구광역시 북구 동암로38길 9,대구광역시 북구 구암동 775-6,35.9424608,128.570482,,,
262,한려수도조망케이블카,경상남도 통영시,,경상남도 통영시 발개로 205,경상남도 통영시 도남동 349-1,34.82665041,128.4251243,,,
263,한산도 제승당,경상남도 통영시,,경상남도 통영시 한산면 한산일주로 70,경상남도 통영시 한산면 두억리 산39,34.79264032,128.4759648,,,
264,통영루지,경상남도 통영시,,경상남도 통영시 발개로 178,경상남도 통영시 도남동 319-3,34.82440908,128.4241617,,,
265,박경리기념관,경상남도 통영시,,경상남도 통영시 산양읍 산양중앙로 173,경상남도 통영시 산양읍 신전리 1429-9,34.802301,128.4035792,,,
266,해저터널,경상남도 통영시,,,경상남도 통영시 당동 1-3,34.83609021,128.4116979916,,,
267,장사도해상공원,경상남도 통영시,,경상남도 통영시 한산면 장사도길 55,경상남도 통영시 한산면 매죽리 산4-1,34.71373747,128.5588706,,,
268,통영시립박물관,경상남도 통영시,,경상남도 통영시 중앙로 65,경상남도 통영시 도천동 28,34.84075153,128.4167887,,,
269,삼도수군통제영,경상남도 통영시,,경상남도 통영시 세병로 27,경상남도 통영시 문화동 62,34.84715495,128.423489,,,
270,춘천호반(삼악산),강원도 춘천시,,강원도 춘천시 서면 경춘로 1401-25,강원도 춘천시 서면 덕두원리 118-6,37.825714,127.659368,,,
271,청평사,강원도 춘천시,,강원도 춘천시 북산면 오봉산길 622,강원도 춘천시 북산면 청평리 산210-1,37.983441,127.818301,,,
272,구곡폭포,강원도 춘천시,,강원도 춘천시 남산면 강촌구곡길 254,강원도 춘천시 남산면 강촌리 432,37.797033,127.615852,,,
273,몰운대,부산광역시 사하구,,부산광역시 사하구 몰운대1길 14(다대동),부산광역시 사하구 다대동 482-3,35.04638172,128.9680068,,,
274,다대포 꿈의 낙조분수,부산광역시 사하구,,부산광역시 사하구 몰운대1길 14(다대동),부산광역시 사하구 다대동 482-3,35.04638172,128.9680068,,,
275,다대포해수욕장,부산광역시 사하구,,부산광역시 사하구 몰운대1길 14(다대동),부산광역시 사하구 다대동 1548-1,35.04638172,128.9680068,,,
276,낙동강하구아미산전망대,부산광역시 사하구,,부산광역시 사하구 다대낙조2길 77(다대동),부산광역시 사하구 다대동 482-4,35.05276243,128.9607468,,,
277,을숙도 생태공원,부산광역시 사하구,,부산광역시 사하구 낙동남로1233번길 25(하단동),부산광역시 사하구 하단동 1151-14,35.11008837,128.9449571,,,
278,을숙도 철새공원,부산광역시 사하구,,부산광역시 사하구 낙동남로 1240(하단동),부산광역시 사하구 하단동 1207-2,35.10449092,128.9459791,,,
279,감천문화마을,부산광역시 사하구,,부산광역시 사하구 감내2로 203(감천동),부산광역시 사하구 감천동 1-14,35.09748815,129.0106077,,,
280,장림포구,부산광역시 사하구,,부산광역시 사하구 장림로 93번길 72(장림동),부산광역시 사하구 장림동 1092,35.07915955,128.9513486,,,
281,꽃보라동산,대구광역시 북구,,,대구광역시 북구 산격동 1500-6,35.889576,128.601059,,,
282,운암지수변공원,대구광역시 북구,,,대구광역시 북구 구암동 349,35.932633,128.567671,,,
283,팔달대교 야경,대구광역시 북구,,,대구광역시 북구 팔달동 524-4,35.895353,128.550766,,,
284,금호강하중도,대구광역시 북구,,,대구광역시 북구 노곡동 673,35.900092,128.559326,,,
285,구암서원,대구광역시 북구,,대구광역시 북구 연암공원로17길 20,대구광역시 북구 산격동 산79-1,35.89881592,128.5989989,,,
286,침산정,대구광역시 북구,,대구광역시 북구 침산남로9길 118,대구광역시 북구 침산동 1168-3,35.897221,128.5848591,,,
287,산토끼노래동산,경상남도 창녕군,,경상남도 창녕군 이방면 이방로 623,,35.577723262,128.3835799595,,,
288,광주광역시공원&광주광역시향교,광주광역시,,광주광역시 남구 중앙로 107번길 15,,35.14707323,126.9100957,,,
289,포충사,광주광역시,,광주광역시 남구 포충로 767,,35.08945325,126.8484326,,,
290,광주광역시어린이교통공원,광주광역시,,광주광역시 북구 임방울대로 877,광주광역시 북구 오룡동 1113,35.21837394,126.8544969,,,
291,국립광주광역시과학관,광주광역시,,광주광역시 북구 첨단과기로 235,광주광역시 북구 오룡동 1-6,35.22990781,126.8498705,,,
292,국립광주광역시박물관,광주광역시,,광주광역시 북구 하서로 110,광주광역시 북구 매곡동 430,35.18965658,126.8839515,,,
293,김대중 컨벤션센터,광주광역시,,광주광역시 서구 상무누리로 30,광주광역시 서구 치평동 1159-2,35.14677706,126.8404805,,,
294,역사문화공원,광주광역시,,광주광역시 광산구 왕버들로 331,광주광역시 광산구 신창동 1173-2,35.19467258,126.8452966,,,
295,푸른길공원,광주광역시,,,광주광역시 남구 주월동 434-2,35.12748017,126.8964923,,,
296,보라매축구공원,광주광역시,,,광주광역시 광산구 신촌동 83-5,35.13932032,126.8229701,,,
297,운남동근린공원,광주광역시,,광주광역시 광산구 목련로 156,,35.17144137,126.8159402,,,
298,경암근린공원,광주광역시,,광주광역시 광산구 하남대로54번안길 133,광주광역시 광산구 하남동 663,35.17828124,126.8000842,,,
299,무양서원,광주광역시,,광주광역시 광산구 산월로21번길 26,,35.21001305,126.8400956,,,
300,용아생가,광주광역시,,광주광역시 광산구 소촌로46번길 24,광주광역시 광산구 소촌동 363-1,35.149486,126.7951682,,,
301,1913송정역시장,광주광역시,,광주광역시 광산구 송정로8번길 13,광주광역시 광산구 송정동 990-18,35.13642721,126.7919415,,,
302,경장각,광주광역시,,광주광역시 광산구 용아로 460,광주광역시 광산구 흑석동 206,35.184433,126.805391,,,
303,양림역사문화마을,광주광역시,,,광주광역시 남구 양림동 314,35.13870389,126.9160141,,,
304,부용정,광주광역시,,광주광역시 남구 고싸움로 2,,35.06974381,126.8375167,,,
305,고싸움놀이테마공원,광주광역시,,광주광역시 남구 고싸움로 2,,35.06974381,126.8375167,,,
306,광주광역시김치타운,광주광역시,,광주광역시 남구 김치로 60,,35.10966818,126.8666534,,,
307,사직공원전망타워,광주광역시,,광주광역시 남구 사직길 49 (사동),,35.14189575,126.9118559,,,
308,자연관광 광주광역시사직공원,광주광역시,,광주광역시 남구 사직길 49 (사동),,35.14189575,126.9118559,,,
309,물빛근린공원,광주광역시,,광주광역시 남구 효우로 107,,35.10379015,126.9038526,,,
310,영산강문화관,광주광역시,,광주광역시 남구 승촌보길 90,,35.06581966,126.761073,,,
311,송산근린공원,광주광역시,,,광주광역시 광산구 박호동 576,35.16418346,126.7372941,,,
312,광주광역시공원,광주광역시,,광주광역시 남구 중앙로107번길 15,,35.14707323,126.9100957,,,
313,펭귄마을,광주광역시,,광주광역시 남구 천변좌로 446번길 7,광주광역시 남구 양림동 201-64,35.1400765,126.917036,,,
314,빛고을농촌테마공원,광주광역시,,광주광역시 남구 포충로 966-15,광주광역시 남구 양과동 1290,35.08429468,126.8679857,,,
315,동명동동리단길,광주광역시,,,광주광역시 동구 동명동 143-30,35.14835833,126.926339,,,
316,양산제(양산호수공원),광주광역시,,광주광역시 북구 하서로 311,광주광역시 북구 양산동 288-3,35.20276943,126.8736492,,,
317,증심사,광주광역시,,광주광역시 동구 증심사길 177,,35.12884453,126.9700905,,,
318,어린이문화원,광주광역시,,,광주광역시 동구 남동 4-8,35.146915,126.920194,,,
319,포충사,광주광역시,,광주광역시 남구 포충로 767 (원산동),,35.08945325,126.8484326,,,
320,하정웅미술관,광주광역시,,광주광역시 서구 상무대로 1165,,35.15498216,126.8884415,,,
321,광주광역시시립미술관,광주광역시,,광주광역시 북구 하서로 52,,35.18323305,126.8857358,,,
322,수완호수공원,광주광역시,,광주광역시 광산구 장신로82번길 57,,35.18794733,126.8202489,,,
323,국립아시아문화전당,광주광역시,,광주광역시 동구 문화전당로 38,,35.14691559,126.9199945,,,
324,전통문화관,광주광역시,,광주광역시 동구 의재로 222,광주광역시 동구 운림동 323,35.1334851,126.9514045,,,
325,광주광역시지산유원지,광주광역시,,광주광역시 동구 지호로164번길 14-10,,35.14875974,126.9468348,,,
326,광주광역시백범기념관,광주광역시,,광주광역시 동구 천변우로 599,광주광역시 동구 학동 1013,35.13113791,126.926364,,,
327,광주광역시학생독립기념관,광주광역시,,광주광역시 서구 학생독립로 30,,35.14058722,126.865043,,,
328,조선대학교 장미원,광주광역시,,광주광역시 동구 필문대로 309,,35.14600564,126.9343635,,,
329,산동교친수공원,광주광역시,,,광주광역시 북구 동림동 130-15,35.18969955,126.8619726,,,
330,푸른길공원,광주광역시,,,광주광역시 남구 주월동 355-5,35.13325855,126.898694,,,
331,원효사,광주광역시,,,광주광역시 북구 금곡동 산 209-13,35.14874455,126.983272,,,
332,문화근린공원,광주광역시,,광주광역시 북구 대천로 86,,35.1849167,126.9166857,,,
333,영산강거징이쉼터,광주광역시,,,광주광역시 북구 신용동 368,35.2128207,126.855218,,,
334,광주광역시천천변공원,광주광역시,,,광주광역시 북구 임동 618,35.1665834,126.8857554,,,
335,전남대학교용지,광주광역시,,,광주광역시 북구 용봉동 81-2,35.17388133,126.9111447,,,
336,맥문동숲길,광주광역시,,,광주광역시 북구 문흥동 1012,35.18561007,126.9216152,,,
337,용봉초록습지,광주광역시,,,광주광역시 북구 용봉동 1027,35.18332703,126.8898185,,,
338,운암제,광주광역시,,,광주광역시 북구 운암동 1181-76,35.18259552,126.8817752,,,
339,국립5.18민주묘지,광주광역시,,광주광역시 북구 민주로 200,,35.23576619,126.9392544,,,
340,5.18추모관,광주광역시,,광주광역시 북구 민주로 200,광주광역시 북구 운정동 582-4,35.23576619,126.9392544,,,
341,광주광역시문화예술회관,광주광역시,,광주광역시 북구 북문대로 60,광주광역시 북구 운암동 328-16,35.178205,126.881993,,,
342,광주광역시기아챔피언스필드,광주광역시,,광주광역시 북구 서림로 10,광주광역시 북구 임동 316,35.16942496,126.8888055,,,
343,광주광역시민속박물관,광주광역시,,광주광역시 북구 서하로 48-25,,35.18441617,126.8884364,,,
344,전남대학교박물관,광주광역시,,광주광역시 북구 용봉로 77,,35.17388133,126.911182,,,
345,우치공원 동물원,광주광역시,,광주광역시 북구 우치로 677,광주광역시 북구 생용동 658,35.22431388,126.8942421,,,
346,녹색에너지체험관 광주광역시전남지역본부,광주광역시,,광주광역시 북구 첨단과기로 123,광주광역시 북구 오룡동 1,35.22687915,126.8429479,,,
347,광주광역시시민의숲,광주광역시,,광주광역시 북구 추암로 190,,35.23301946,126.8663369,,,
348,광주광역시호호수생태원,광주광역시,,광주광역시 북구 충효샘길 7,,35.18421895,127.0011214,,,
349,무등산풍암정,광주광역시,,광주광역시 북구 풍암제길 117,광주광역시 북구 금곡동 718,35.16047529,126.9932106,,,
350,중외공원 산책로,광주광역시,,광주광역시 북구 하서로 50,,35.18145609,126.8842789,,,
351,광주광역시어린이대공원,광주광역시,,광주광역시 북구 하서로 50,,35.18145609,126.8842789,,,
352,5.18자유공원,광주광역시,,,광주광역시 서구 치평동 1161-6,35.14939198,126.8396500015,,,
353,전평제근린공원,광주광역시,,,광주광역시 서구 매월동 519-1,35.11557813,126.8484198,,,
354,풍암생활체육공원,광주광역시,,,광주광역시 서구 풍암동 30,35.1308135,126.8834659,,,
355,운천저수지,광주광역시,,,광주광역시 서구 쌍촌동 869-9,35.14717497,126.8562207,,,
356,월봉서원,광주광역시,,광주광역시 광산구 광곡길 133,광주광역시 광산구 광산동 452,35.235863,126.7451862,,,
357,용진정사,광주광역시,,,광주광역시 광산구 왕동 3-4,35.19745908,126.7243872,,,
358,황룡친수공원,광주광역시,,,광주광역시 광산구 선암동 241-31,35.14394537,126.774342,,,
359,양산호수공원,광주광역시,,광주광역시 북구 하서로 311,광주광역시 북구 양산동 288-3,35.20276943,126.8736492,,,
360,쌍암공원,광주광역시,,광주광역시 광산구 첨단중앙로182번길 39,광주광역시 광산구 쌍암동 653-1,35.22222807,126.8442514,,,
361,대인예술시장,광주광역시,,광주광역시 동구 독립로 284-2,광주광역시 동구 대인동 329,35.15612043,126.9128901,,,
362,상무시민공원,광주광역시,,,광주광역시 서구 치평동 1162,35.15422831,126.8420517,,,
363,광주광역시월드컵경기장,광주광역시,,광주광역시 서구 금화로 240,,35.13364608,126.874879,,,
364,평화공원,광주광역시,,광주광역시 서구 내방로 102,,35.15654724,126.8516022,,,
365,5.18기념공원,광주광역시,,광주광역시 서구 내방로 152,,35.15830536,126.8575559,,,
366,무각사,광주광역시,,광주광역시 서구 운천로 230,,35.15378107,126.8560181,,,
367,창작농성골,광주광역시,,광주광역시 서구 월산로173번길 15-1,,35.15297291,126.8929141,,,
368,유적근린공원,광주광역시,,광주광역시 서구 천변우하로 469,,35.16879873,126.8714435,,,
369,청춘발산마을,광주광역시,,광주광역시 서구 천변좌로108번길 17-13,,35.15917994,126.8919941,,,
370,화담사,광주광역시,,광주광역시 서구 화운로156번길 17-8,광주광역시 서구 화정동 781-23,35.15352999,126.8784258,,,
371,요트올림픽동산지구,부산광역시 해운대구,,부산광역시 해운대구 APEC로 30,부산광역시 해운대구 우동 1413-4,35.16578256,129.1350266,,,
372,동백섬,부산광역시 해운대구,,부산광역시 해운대구 동백로 116,부산광역시 해운대구 우동 708-1,35.15234205,129.1513619,,,
373,해운대해수욕장,부산광역시 해운대구,,부산광역시 해운대구 해운대해변로 264,부산광역시 해운대구 우동 620-3,35.15910698,129.1602838,,,
374,달맞이동산지구,부산광역시 해운대구,,부산광역시 해운대구 달맞이길 190,부산광역시 해운대구 중동 산 42-25,35.15768146,129.1825429,,,
375,당항포관광지,경상남도 고성군,,경상남도 고성군 회화면 당항만로 1116,경상남도 고성군 회화면 봉동리 950-1,35.0532261508,128.3920276219,,,
376,장성호관광지,전라남도 장성군,,전라남도 장성군 북하면 백양로 591-4,전라남도 장성군 북하면 쌍웅리 산38-1,35.41373254,126.8508186,,,
377,홍길동테마파크,전라남도 장성군,,전라남도 장성군 황룡면 홍길동로 431,전라남도 장성군 황룡면 아곡리 373,35.31862071,126.7265578,,,
378,용호 Sea-Side 관광지,부산광역시 남구,,부산광역시 남구 용호동 산 205번지,부산광역시 남구 용호동 산 205번지,35.101225,129.120361,,,
379,진주성,경상남도 진주시,,경상남도 진주시 남강로 626(본성동),경상남도 진주시 본성동 415,35.19043229,128.0802214,,,
380,진양호,경상남도 진주시,,경상남도 진주시 남강로1번길 130(판문동),경상남도 진주시 판문동 산171-1,35.17660992,128.0362677,,,
381,경상남도 수목원,경상남도 진주시,,경상남도 진주시 이반성면 수목원로 386,경상남도 진주시 이반성면 대천리 482-1,35.15719862,128.2957346,,,
382,무주 덕유산 리조트,전라북도 무주군,,전라북도 무주군 설천면 만선로 185,전라북도 무주군 설천면 심곡리 산43-15,35.889797,127.731389,,,
383,벽계야영장,경상남도 의령군,,경상남도 의령군 궁류면 벽계로 201,경상남도 의령군 궁류면 벽계리 379,35.42604967,128.2080942,,,
384,소래포구,인천광역시 남동구,,인천광역시 남동구 포구로 2-9(논현동),,37.3988308,126.7403795,,,
385,소래습지생태공원,인천광역시 남동구,,인천광역시 남동구 소래로 154번길 77(논현동),,37.40736572,126.7463366,,,
386,소래철교,인천광역시 남동구,,인천광역시 남동구 포구로 2-9(논현동),,37.3988308,126.7403795,,,
387,장도포대지,인천광역시 남동구,,,인천광역시 남동구 논현동 111-13,37.39790186,126.7382687,,,
388,소래역사관,인천광역시 남동구,,인천광역시 남동구 아암대로 1605(논현동),,37.39816347,126.7375992,,,
389,화암관광지,강원도 정선군,,강원도 정선군 화암면 화암동굴길 12-13,강원도 정선군 화암면 화암리 540-12,37.35092374,128.7896216,,,
390,아우라지 관광지,강원도 정선군,,강원도 정선군 여량면 아우라지길 69,강원도 정선군 여량면 여량리 186-1,37.47574407,128.7243663,,,
391,서포리관광지,인천광역시 옹진군,,인천광역시 옹진군 덕적면 덕적남로606번길 3,인천광역시 옹진군 덕적면 서포리 229-23,37.2232919,126.1169337,,,
392,보은 삼년산성,충청북도 보은군,,충청북도 보은군 보은읍 성주1길 104,충청북도 보은군 보은읍 어암리 280-1,36.48993999,127.7417752,,,
393,보은 우당고택,충청북도 보은군,,충청북도 보은군 장안면 개안길 10-2,충청북도 보은군 장안면 개안리 154,36.46857583,127.7906134,,,
394,속리산 법주사,충청북도 보은군,,충청북도 보은군 속리산면 법주사로 379,충청북도 보은군 속리산면 사내리 209,36.53993659,127.8306346,,,
395,동학농민혁명기념공원,충청북도 보은군,,충청북도 보은군 보은읍 동학로 236-22,충청북도 보은군 보은읍 성족리 산16,36.51567136,127.7591951,,,
396,대천해수욕장,충청남도 보령시,,충청남도 보령시 머드로 123,,36.31554012,126.5108563,,,
397,무창포해수욕장,충청남도 보령시,,충청남도 보령시 웅천읍 열린바다1길 10,,36.24457737,126.5365426,,,
398,간현관광지,강원도 원주시,,강원도 원주시 지정면 소금산길 26,강원도 원주시 지정면 간현리 1056-5,37.36489327,127.832544,,,
399,"목포근대역사관 1관 (구, 일본영사관)",전라남도 목포시,,목포시 영산로 29번길 6,전라남도 목포시 대의동2가 1-5,34.7876957778,126.3817941784,,,
400,"목포근대역사관 2관 (구,동양척식주식회사)",전라남도 목포시,,목포시 번화로 18,전라남도 목포시 중앙동2가 6,34.7859637376,126.3814912397,,,
401,동춘당,대전광역시,,대전광역시 대덕구 동춘당로 80,대전광역시 대덕구 송촌동 192,36.36537889,127.4412933,,,
402,성옥기념관,전라남도 목포시,,목포시 영산로 11,전라남도 목포시 유달동 4-2,34.7869857572,126.379864507,,,
403,구 동본원사 목포별원,전라남도 목포시,,목포시 영산로 75번길 5,전라남도 목포시 무안동 2-4,34.7897003158,126.3842863497,,,
404,유달산,전라남도 목포시,,목포시 유달로 180,전라남도 목포시 죽교동 300,34.7914299321,126.3759182609,,,
405,서산동 시화골목,전라남도 목포시,,목포시 해안로127번길 14-2,전라남도 목포시 서산동 12-89,34.7817451946,126.3773176322,,,
406,연희네슈퍼(영화 1987 촬영지),전라남도 목포시,,목포시 해안로127번길 14-2,전라남도 목포시 서산동 12-89,34.7817451946,126.3773176322,,,
407,춤추는 바다분수,전라남도 목포시,,목포시 평화로 82,전라남도 목포시 상동 1157,34.7966621284,126.4337908816,,,
408,목포해상케이블카,전라남도 목포시,,목포시 해양대학로 240,전라남도 목포시 죽교동 516-101,34.7994017882,126.370023893,,,
409,삼학도크루즈,전라남도 목포시,,목포시 삼학로 92번길 104,전라남도 목포시 산정동 1454-7,34.7810157076,126.3879310309,,,
410,김대중노벨평화상기념관,전라남도 목포시,,목포시 삼학로 92번길 68,전라남도 목포시 산정동 1481,34.7828517737,126.3922505599,,,
411,목포자연사박물관,전라남도 목포시,,목포시 남농로 135,전라남도 목포시 용해동 7,34.7939106668,126.4225029615,,,
412,갓바위,전라남도 목포시,,목포시 남농로 135,전라남도 목포시 용해동 산86-24,34.7921900744,126.4257403548,,,
413,인천가스과학관,인천광역시 연수구,,인천광역시 연수구 인천신항대로960,인천광역시 연수구 송도동 364,37.35281836,126.6121219,,,
414,인천상륙작전기념관,인천광역시 연수구,,인천광역시 연수구 청량로160번길 26,인천광역시 연수구 옥련동 525,37.42070925,126.6531798,,,
415,컴팩스마트시티,인천광역시 연수구,,인천광역시 연수구 인천타워대로 238,인천광역시 연수구 송도동24-7,37.39281227,126.6358879,,,
416,가천박물관,인천광역시 연수구,,인천광역시 연수구 청량로102번길 40-9,인천광역시 연수구 옥련동 567-22,37.41847997,126.6576026,,,
417,오월드,대전광역시,,대전광역시 중구 사정공원로 70,대전광역시 중구 사정동 142,36.28749807,127.3985061,,,
418,뿌리공원,대전광역시,,대전광역시 중구 뿌리공원로 79,대전광역시 중구 침산동 364,36.28537962,127.3883000376,,,
419,엑스포과학공원,대전광역시,,대전광역시 유성구 대덕대로 480,대전광역시 유성구 도룡동 3-1,36.37662561,127.3871992,,,
420,한밭수목원,대전광역시,,대전광역시 서구 둔산대로 169,대전광역시 서구 만년동 396,36.36646857,127.3880154,,,
421,계족산황톳길,대전광역시,,대전광역시 대덕구 장동로 59,대전광역시 대덕구 와동 2-1,36.40406651,127.4297932,,,
422,대청호반,대전광역시,,대전광역시 대덕구 대청로 607,대전광역시 대덕구 미호동 57,36.47362538,127.4735679,,,
423,장태산휴양림,대전광역시,,대전광역시 서구 장안로 461,대전광역시 서구 장안동 259,36.21596913,127.3412778,,,
424,대전둘레산길,대전광역시,,대전광역시 중구 보문산공원로 440,대전광역시 중구 대사동 195-2,36.30879672,127.4231236,,,
425,유성온천,대전광역시,,대전광역시 유성구 계룡로60,대전광역시 유성구 봉명동 574,36.3547298,127.3375865,,,
426,팔공산 하늘정원,경상북도 군위군,,,경상북도 군위군 부계면 동산리 산 74-18,36.0238129761,128.6967605094,,,
427,김수환 추기경 사랑과 나눔 공원,경상북도 군위군,,경상북도 군위군 군위읍 군위금성로 270,경상북도 군위군 군위읍 용대리 424,36.2324488883,128.599612947,,,
428,사라온 이야기 마을,경상북도 군위군,,경상북도 군위군 군위읍 동서길 49,경상북도 군위군 군위읍 서부리 44-1,36.2361553599,128.5677327961,,,
429,금정산,부산광역시 금정구,,부산광역시 금정구 범어사로 250,부산광역시 금정구 청룡동 546,35.2830426366,129.0676207876,,,
430,범어사,부산광역시 금정구,,부산광역시 금정구 범어사로 250,부산광역시 금정구 청룡동 546,35.28304308,129.0676212,,,
431,회동수원지,부산광역시 금정구,,부산광역시 금정구 오륜대로258,부산광역시 금정구 오륜동 353-2,35.24707332,129.115753,,,
432,서동미로시장,부산광역시 금정구,,부산광역시 금정구 서동로141번길 16,부산광역시 금정구 서동 341-10,35.21586987,129.102466,,,
433,스포원파크,부산광역시 금정구,,부산광역시 금정구 체육공원로399번길 324,부산광역시 금정구 두구동 1641,35.28912108,129.1070434,,,
434,한국이슬람부산성원,부산광역시 금정구,,부산광역시 금정구 금단로 113-13,부산광역시 금정구 남산동 30-1,35.25998626,129.0922564,,,
435,요산문학관,부산광역시 금정구,,부산광역시 금정구 팔송로 60-6,부산광역시 금정구 남산동 662,35.27236562,129.085732,,,
436,오륜대한국순교자박물관,부산광역시 금정구,,부산광역시 금정구 오륜대로 106-1,부산광역시 금정구 부곡동 1-4,35.24570172,129.1009016,,,
437,부산대젊음의거리,부산광역시 금정구,,부산광역시 금정구 장전온천천로 51,부산광역시 금정구 장전동 643-117,35.229587,129.0888177,,,
438,금정산성마을,부산광역시 금정구,,부산광역시 금정구 산성로 452,부산광역시 금정구 금성동 554-3,35.250339,129.0561338,,,
439,삽교호관광지,충청남도 당진시,,충청남도 당진시 신평면 삽교천3길 100,,36.88890544,126.8247541,,,
440,왜목마을관광지,충청남도 당진시,,충청남도 당진시 석문면 왜목길 15-5,,37.04493276,126.5246154,,,
441,난지섬관광지,충청남도 당진시,,충청남도 당진시 석문면 난지1길 67,,37.047036,126.4242087,,,
442,유당공원,전라남도 광양시,,전라남도 광양시 광양읍 백운로 14,전라남도 광양시 광양읍 목성리 673-1,34.97010442,127.5924243,,,
443,서천무지개분수대,전라남도 광양시,,,전라남도 광양시 광양읍 칠성리 729,34.9735109015,127.5756853563,,,
444,장도전수관,전라남도 광양시,,전라남도 광양시 광양읍 매천로 771,전라남도 광양시 광양읍 칠성리 1009-3,34.97705608,127.5805515,,,
445,도립미술관,전라남도 광양시,,전라남도 광양시 순광로 680-4,전라남도 광양시 광양읍 인동리 227-1,34.96887104,127.5903033,,,
446,미당서정주의 집,서울특별시 관악구,,서울특별시 관악구 남부순환로 256 나길 4,서울특별시 관악구 남현동 1071-11,37.4734032,126.973367,,,
447,광양와인동굴,전라남도 광양시,,전라남도 광양시 광양읍 강정길 33,전라남도 광양시 광양읍 용강리 48-1,34.96130264,127.6085909,,,
448,광양역사문화관,전라남도 광양시,,전라남도 광양시 광양읍 매천로 829,전라남도 광양시 광양읍 읍내리 272-1,34.9757671,127.5859802,,,
449,사라실 라벤더 단지,전라남도 광양시,,,전라남도 광양시 주암면 문길리 산 20-2,35.04162939,127.270748,,,
450,사라실 예술촌,전라남도 광양시,,전라남도 광양시 사곡로 201,전라남도 광양시 사곡리 1005,34.962211,127.626222,,,
451,광양 마로산성,전라남도 광양시,,,전라남도 광양시 사곡리 산 254,34.966742,127.619496,,,
452,광양 궁시장,전라남도 광양시,,,전라남도 광양시 광양읍 구산리 716,34.98778794,127.5865036,,,
453,매천황현생가,전라남도 광양시,,전라남도 광양시 봉강면 서석길 14-3,전라남도 광양시 봉강면 석사리 758,34.99341564,127.561707,,,
454,해달별천문대,전라남도 광양시,,전라남도 광양시 봉강면 하조길 91-20,전라남도 광양시 봉강면 조령리 산 222-7,35.07478024,127.5540516,,,
455,백운산자연휴양림,전라남도 광양시,,전라남도 광양시 옥룡면 백계로 33,전라남도 광양시 옥룡면 추산리 산 114,35.05645795,127.5976491,,,
456,광양 옥룡사지,전라남도 광양시,,전라남도 광양시 옥룡면 추산리 산 35-1,전라남도 광양시 옥룡면 추산리 산 35-1,35.0470172106,127.6085305038,,,
457,국사봉랜드,전라남도 광양시,,전라남도 광양시 옥곡면 대치로 433,전라남도 광양시 옥곡면 수평리 130,35.00642478,127.6525399,,,
458,기독교선교100주년기념관,전라남도 광양시,,전라남도 광양시 진상면 성지로 399,전라남도 광양시 진상면 황죽리 1395,35.04305027,127.6604508,,,
459,섬진강 망덕포구,전라남도 광양시,,전라남도 광양시 진월면 망덕길 171,전라남도 광양시 진월면 망덕리 845-82,34.96787088,127.7579265,,,
460,윤동주 유고 보존 정병욱 가옥,전라남도 광양시,,전라남도 광양시 진월면 망덕길 249,전라남도 광양시 진월면 망덕리 23,34.97075423,127.759122,,,
461,광양매화문화관,전라남도 광양시,,전라남도 광양시 다압면 지막1길 21,전라남도 광양시 다압면 도사리 377,35.07665864,127.7180474,,,
462,느랭이골자연리조트,전라남도 광양시,,전라남도 광양시 토끼재길 119-32,전라남도 광양시 다압면 신원리 산125,35.06003247,127.7114041,,,
463,구봉산전망대,전라남도 광양시,,전라남도 광양시 구봉산전망대길 155,,34.93646837,127.6427008,,,
464,광양항해양공원,전라남도 광양시,,,전라남도 광양시 중동 1894,34.9212775101,127.6939636136,,,
465,무지개다리,전라남도 광양시,,,전라남도 광양시 금호동 625-1,34.9367985668,127.715141,,,
466,해오름육교,전라남도 광양시,,,전라남도 광양시 마동 1125,34.9344266195,127.7061606362,,,
467,배알도수변공원,전라남도 광양시,,,전라남도 광양시 태인동 1632-13,34.959931,127.7601849287,,,
468,광양 김 시식지,전라남도 광양시,,전라남도 광양시 김시식지1길 57-6,,34.94697848,127.7519933,,,
469,능강관광지,충청북도 제천시,,충청북도 제천시 수산면 옥순봉로 1248,충청북도 제천시 수산면 능강리 200-10,36.9900227746,128.1956763721,,,
470,금월봉관광지,충청북도 제천시,,충청북도 제천시 금성면 청풍호로 1316,충청북도 제천시 금성면 월굴리 134-41,37.04384263,128.1736527,,,
471,계산관광지,충청북도 제천시,,충청북도 제천시 청풍면 계산리 9-4번지,충청북도 제천시 청풍면 계산리 9-4,37.017861,128.130911,,,
472,만남의광장,충청북도 제천시,,충청북도 제천시 청풍면 청풍호로50길 6,충청북도 제천시 청풍면 교리 147,37.01083356,128.1811895,,,
473,제천 성내관광지,충청북도 제천시,,충청북도 제천시 금성면 청풍호로 1482,충청북도 제천시 금성면 성내리 산12-2,37.03366403,128.1751729,,,
474,제천온천관광지,충청북도 제천시,,충청북도 제천시 수산면 내리 산24번지,충청북도 제천시 수산면 내리 산24,36.9218335179,128.181971362,,,
475,교리관광지,충청북도 제천시,,충청북도 제천시 청풍면 청풍호로 1798,충청북도 제천시 청풍면 교리 225-1,37.0165671698,128.1768531473,,,
476,치산관광지,경상북도 영천시,,경상북도 영천시 신녕면 신암길 17,경상북도 영천시 신녕면 치산리 산255,36.0469328129,128.7128209679,,,
477,자갈치시장,부산광역시 중구,,부산광역시 중구 자갈치해안로 52,부산광역시 중구 남포동4가 37-1,35.09661444,129.0305818,,,
478,40계단테마거리,부산광역시 중구,,부산광역시 중구 대청로135번길 13,부산광역시 중구 중앙동4가 38-1,35.10397225,129.0346287,,,
479,BIFF광장,부산광역시 중구,,부산광역시 중구 비프광장로 36,부산광역시 중구 남포동5가 18-1,35.09862035,129.0287588,,,
480,영도대교,부산광역시 중구,,부산광역시 중구 태종로 8,부산광역시 중구 남포동1가 33-9,35.09725344,129.035681,,,
481,보수동책방골목,부산광역시 중구,,부산광역시 중구 대청로 57-1,부산광역시 중구 보수동1가 124-15,35.10323904,129.0263248,,,
482,용두산공원,부산광역시 중구,,부산광역시 중구 용두산길 37-55,부산광역시 중구 광복동2가 1-2,35.1009305,129.0324434,,,
483,광복로,부산광역시 중구,,부산광역시 중구 광복중앙로 1,부산광역시 중구 창선동1가 44,35.09947039,129.0311659,,,
484,부산영화체험박물관,부산광역시 중구,,부산광역시 중구 대청로126번길 12,부산광역시 중구 동광동3가 41-4,35.10169342,129.033594,,,
485,예술의전당,서울특별시 서초구,,서울특별시 서초구 남부순환로 2406,서울특별시 서초구 서초동 700,37.4802402,127.0142152,,,
486,국립국악원,서울특별시 서초구,,서울특별시 서초구 남부순환로 2364,서울특별시 서초구 서초동 700,37.47771881,127.0098185,,,
487,헌인릉,서울특별시 서초구,,서울특별시 서초구 헌인릉길 36-10,서울특별시 서초구 내곡동 산 13-1,37.46537744,127.0837156,,,
488,매헌 윤봉길의사 기념관,서울특별시 서초구,,서울특별시 서초구 매헌로 99,서울특별시 서초구 양재동 236,37.4730498,127.0369771,,,
489,고투몰,서울특별시 서초구,,서울특별시 서초구 신반포로200,서울특별시 서초구 잠원동 68-17,37.50622031,127.0050517,,,
490,"세빛섬, 반포대교 달빛무지개분수",서울특별시 서초구,,서울특별시 서초구 올림픽대로683,서울특별시 서초구 반포동 650,37.5124362,126.9959623,,,
491,삼성딜라이트,서울특별시 서초구,,서울특별시 서초구 서초대로74길 11,서울특별시 서초구 서초동 1320-10,37.4966085,127.0269023,,,
492,강감찬전시관,서울특별시 관악구,,서울특별시 관악구 낙성대로 77 낙성대공원내,서울특별시 관악구 봉천동 228,37.47197208,126.959371,,,
493,구문소 관광지,강원도 태백시,,강원도 태백시 동태백로11(동점동),강원도 태백시 동점동 498-123,37.0929806,129.042284,,,
494,무릉계곡,강원도 동해시,,강원도 동해시 삼화로 584,강원도 동해시 삼화동 860-1,37.463551,129.014511,,,
495,망상,강원도 동해시,,강원도 동해시 동해대로 6270-10,강원도 동해시 망상동 393-100,37.59225327,129.0896922,,,
496,추암,강원도 동해시,,강원도 동해시 촛대바위길 28,강원도 동해시 추암동 1,37.477063,129.159196,,,
497,천지연폭포,제주특별자치도 서귀포시,,제주특별자치도 서귀포시 남성중로 2-15(서홍동),제주특별자치도 서귀포시 서홍동 666-1,33.2447447,126.5595511,,,
498,정방폭포,제주특별자치도 서귀포시,,제주특별자치도 서귀포시 칠십리로214번길 37(동홍동),제주특별자치도 서귀포시 동홍동 278,33.24474912,126.5730486,,,
499,중문대포주상절리대,제주특별자치도 서귀포시,,제주특별자치도 서귀포시 이어도로 36-30(중문동),제주특별자치도 서귀포시 중문동 2768-1,33.23799399,126.4260174,,,
500,천제연폭포,제주특별자치도 서귀포시,,제주특별자치도 서귀포시 천제연로 132(중문동),제주특별자치도 서귀포시 중문동 2232,33.2526783,126.4183754,,,
501,산방산,제주특별자치도 서귀포시,,제주특별자치도 서귀포시 안덕면 산방로 218-11,제주특별자치도 서귀포시 안덕면 사계리 184,33.23697818,126.312306,,,
502,용머리해안,제주특별자치도 서귀포시,,,제주특별자치도 서귀포시 안덕면 사계리 112-3,33.2336990988,126.3146297339,,,
503,감귤박물관,제주특별자치도 서귀포시,,제주특별자치도 서귀포시 효돈순환로 441(신효동),제주특별자치도 서귀포시 신효동 1200-6,33.27159304,126.6074285,,,
504,통일전망대,강원도 고성군,,강원도 고성군 현내면 금강산로 481,강원도 고성군 현내면 마차진리 188,38.5143860898,128.4167029557,,,
505,화진포역사안보전시관,강원도 고성군,,강원도 고성군 거진읍 화진포길 280,강원도 고성군 거진읍 화포리 530-1,38.4725051545,128.4430601817,,,
506,화진포해양박물관,강원도 고성군,,강원도 고성군 현내면 화진포길 412,강원도 고성군 현내면 초도리 94-1 화진포해양박물관,38.481345,128.435682,,,
507,화진포 생태박물관,강원도 고성군,,강원도 고성군 거진읍 화진포길 256,강원도 고성군 거진읍 화포리 590-2,38.4721873756,128.4436213784,,,
508,송지호 관망타워,강원도 고성군,,강원도 고성군 죽왕면 동해대로 6021,강원도 고성군 죽왕면 오봉리 9-34,38.3362361505,128.5175988538,,,
509,송도해상케이블카,부산광역시 서구,,부산광역시 서구 송도해변로 171,부산광역시 서구 암남동 124-1,35.07664334,129.0233986,,,
510,송도해수욕장,부산광역시 서구,,부산광역시 서구 송도해변로 100,부산광역시 서구 암남동 135-5,35.07682117,129.0180502,,,
511,암남공원,부산광역시 서구,,부산광역시 서구 암남공원로 185,부산광역시 서구 암남동 산193,35.0616574,129.0149368,,,
512,구덕문화공원,부산광역시 서구,,부산광역시 서구 꽃마을로 163번길 73,부산광역시 서구 서대신동3가 산18-15,35.12641369,129.005742,,,
513,송도해안산책로,부산광역시 서구,,부산광역시 서구 암남공원로 185,부산광역시 서구 암남동 620-2,35.0616574,129.0149368,,,
514,대신공원,부산광역시 서구,,부산광역시 서구 대신공원로 37-18,부산광역시 서구 서대신동 3가 산2-3,35.121591,129.0161785,,,
515,부산공동어시장,부산광역시 서구,,부산광역시 서구 충무대로 202,부산광역시 서구 남부민동 691-3,35.08990091,129.0263675,,,
516,천마산조각공원,부산광역시 서구,,부산광역시 서구 천마산로 209번길 94,부산광역시 서구 남부민동 1-6,35.08903987,129.0174786,,,
517,구덕운동장,부산광역시 서구,,부산광역시 서구 망양로 57 (씨름체육관 서구 꽃마을로 156번길12),부산광역시 서구 서대신동3가 211-1,35.11659638,129.0145297,,,
518,임시수도기념관,부산광역시 서구,,부산광역시 서구 임시수도기념로 45,부산광역시 서구 부민동3가 22,35.10374876,129.0175954,,,
519,송도오션파크,부산광역시 서구,,부산광역시 서구 송도해변로 36,부산광역시 서구 암남동 135-23,35.0727182987,129.017447672,,,
520,내원사계곡(내원사),경상남도 양산시,,경상남도 양산시 하북면 내원로 207,경상남도 양산시 하북면 용연리 291,35.44578536,129.1104508,,,
521,대운산자연휴양림,경상남도 양산시,,경상남도 양산시 탑골길 270,경상남도 양산시 용당동 산66,35.41784975,129.2088996,,,
522,법기수원지,경상남도 양산시,,경상남도 양산시 동면 법기로 198-13,경상남도 양산시 동면 법기리 332,35.34825271,129.1079758,,,
523,양산시립박물관,경상남도 양산시,,경상남도 양산시 북정로 78,경상남도 양산시 북정동 678,35.35849531,129.0490358,,,
524,양산타워,경상남도 양산시,,경상남도 양산시 동면 강변로 264-1,경상남도 양산시 동면 석산리 652,35.32782588,129.0276012,,,
525,에덴밸리,경상남도 양산시,,경상남도 양산시 원동면 어실로 1206,경상남도 양산시 원동면 대리 1040-1,35.42905699,128.984466395,,,
526,임경대,경상남도 양산시,,경상남도 양산시 원동면 원동로 285,경상남도 양산시 원동면 화제리 산72-4,35.32243455,128.9778074,,,
527,통도사,경상남도 양산시,,경상남도 양산시 하북면 통도사로 108,경상남도 양산시 하북면 지산리 583,35.4754091197,129.0563671778,,,
528,통도환타지아,경상남도 양산시,,경상남도 양산시 하북면 통도7길 68,경상남도 양산시 하북 면순지리 470,35.4999923953,129.0831298922,,,
529,홍룡폭포(홍룡사),경상남도 양산시,,경상남도 양산시 상북면 홍룡로 372,경상남도 양산시 상북면 대석리 1,35.3969996748,129.0864895,,,
530,황산공원,경상남도 양산시,,경상남도 양산시 물금읍 낙동로 295-19,경상남도 양산시 물금읍 물금리 162-1,35.3017308251,128.9895949139,,,
531,방화동가족휴가촌,전라북도 장수군,,전라북도 장수군 번암면 방화동로 778,전라북도 장수군 번암면 사암리 625,35.59064179,127.5268761,,,
532,남한산성,경기도 광주시,,경기도 광주시 남한산성면 남한산성로 731,경기도 광주시 남한산성면 산성리 158-1번지,37.47669636,127.1884165,,,
533,분원백자자료관,경기도 광주시,,경기도 광주시 남종면 산수로 1642-1,경기도 광주시 남종면 분원리 116번지,37.49625742,127.3034492,,,
534,천진암,경기도 광주시,,경기도 광주시 퇴촌면 천진암로 1203,경기도 광주시 퇴촌면 우산리 500번지,37.42357313,127.3883989,,,
535,경기도자박물관,경기도 광주시,,경기도 광주시 곤지암읍 경충대로 727,경기도 광주시 곤지암읍 삼리 72-1번지,37.35028421,127.3347877,,,
536,경안천습지생태공원,경기도 광주시,,경기도 광주시 퇴촌면 산수로 1159,경기도 광주시 퇴촌면 정지리 456-4번지,37.45920014,127.3051169,,,
537,팔당물안개공원,경기도 광주시,,경기도 광주시 남종면 산수로 1897,경기도 광주시 남종면 귀여리 267-10번지,37.50956344,127.3174613,,,
538,중대물빛공원,경기도 광주시,,경기도 광주시 순암로 307,경기도 광주시 중대동 229번지,37.40272258,127.218054,,,
539,무이예술관,강원도 평창군,,강원도 평창군 봉평면 사리평길 233,강원도 평창군 봉평면 무이리 58,37.61527594,128.348787,,,
540,백룡동굴,강원도 평창군,,강원도 평창군 미탄면 문희길 63,강원도 평창군 미탄면 마하리 82,37.27786356,128.577051,,,
541,이효석문화예술촌,강원도 평창군,,강원도 평창군 봉평면 효석문학길 73-25,강원도 평창군 봉평면 창동리 544-3,37.61317426,128.3701239,,,
542,마하생태관광지,강원도 평창군,,,강원도 평창군 미탄면 마하리 일원,37.2924471,128.5419693,,,
543,용평관광단지,강원도 평창군,,,"강원도 평창군 대관령면 용산리, 수하리 일원",37.660871,128.666483,,,
544,알펜시아관광단지,강원도 평창군,,강원도 평창군 대관령면 솔봉로 325 일원,강원도 평창군 대관령면 용산리 425 일원,37.6552224,128.681494,,,
545,휘닉스파크관광단지,강원도 평창군,,강원도 평창군 봉평면 태기로 174 일원,강원도 평창군 봉평면 면온리 1095-1 일원,37.581373,128.327331,,,
546,김포평화누리길 1코스,경기도 김포시,,,경기도 김포시 대곶면 대명리 561(대명항),37.6596942,126.5590043,,,
547,김포평화누리길 2코스,경기도 김포시,,,경기도 김포시 월곶면 성동리 산49(문수산성),37.7429948,126.5467533,,,
548,김포평화누리길 3코스,경기도 김포시,,,경기도 김포시 하성면 전류리 43-4(전류리 포구),37.7491124,126.6147154,,,
549,김포 장릉,경기도 김포시,,경기도 김포시 장릉로 79(풍무동),경기도 김포시 풍무동 666-1,37.6107519,126.7126583,,,
550,애기봉 평화생태공원,경기도 김포시,,경기도 김포시 평화공원로 289,경기도 김포시 월곶면 조강리 1-9,37.7431684,126.5940634,,,
551,문수산성,경기도 김포시,,,경기도 김포시 월곶면 성동리 산50,37.7429948,126.5467533,,,
552,김포함상공원,경기도 김포시,,경기도 김포시 대곶면 대명항1로 110-36,경기도 김포시 대곶면 대명리 551-1,37.6406387,126.539261,,,
553,덕포진,경기도 김포시,,경기도 김포시 대곶면 덕포진로103번길 90,경기도 김포시 대곶면 신안리 232-1,37.6506248,126.5387862,,,
554,덕포진교육박물관,경기도 김포시,,경기도 김포시 대곶면 덕포진로103번길 90,경기도 김포시 대곶면 신안리 232-1,37.6506248,126.5387862,,,
555,다도박물관,경기도 김포시,,경기도 김포시 월곶면 애기봉로275번길 187-49,경기도 김포시 월곶면 개곡리 832,37.7375035,126.5744366,,,
556,김포국제조각공원,경기도 김포시,,경기도 김포시 월곶면 용강로13번길 38,경기도 김포시 월곶면 고막리 82-1,37.72080378,126.552204,,,
557,아트빌리지(한옥마을),경기도 김포시,,경기도 김포시 모담공원로 170,경기도 김포시 운양동 1325-1,37.6466321,126.696212,,,
558,오전약수관광지,경상북도 봉화군,,경상북도 봉화군 물야면 문수로 1541,경상북도 봉화군 물야면 오전리 95-35,37.01209531,128.7457209,,,
559,다덕약수관광지,경상북도 봉화군,,경상북도 봉화군 봉성면 다덕로 873,경상북도 봉화군 봉성면 우곡리 505-5,36.9141215,128.8273232,,,
560,주왕산 관광지,경상북도 청송군,,경상북도 청송군 주왕산면 주왕산로 494,경상북도 청송군 주왕산면 하의리 842,36.37813214,129.108598,,,
561,호미곶관광단지,경상북도 포항시,,경상북도 포항시 남구 호미곶면 해맞이로 136,경상북도 포항시 남구 호미곶면 대보리 286-5,36.07608308,129.5665319,,,
562,신륵사관광지,경기도 여주시,,경기도 여주시 신륵사길 73,경기도 여주시 천송동 289-7,37.29742583,127.6599364,,,
563,함평해수찜,전라남도 함평군,,전라남도 함평군 손불면 석산로 61,,35.10050068,126.4648643,,,
564,함평자연생태공원,전라남도 함평군,,전라남도 함평군 대동면 학동로 1398-77,,35.13500123,126.5056999542,,,
565,함평양서파충류생태공원,전라남도 함평군,,전라남도 함평군 신광면 학동로 1398-9,,35.13834076,126.4937003445,,,
566,함평엑스포공원,전라남도 함평군,,전라남도 함평군 함평읍 곤재로 27,,35.0581392332,126.5226055585,,,
567,일강김철선생기념관,전라남도 함평군,,전라남도 함평군 신광면 일강로 873-12,,35.1889310262,126.4801235166,,,
568,불갑사관광지,전라남도 영광군,,전라남도 영광군 불갑면 불갑사로 450,전라남도 영광군 불갑면 모악리 408-2,35.199675,126.550047,,,
569,협재관광지,제주특별자치도 제주시,,,제주특별자치도 제주시 한림읍 협재리 2450,33.3935073,126.2384709,,,
570,곽지관광지,제주특별자치도 제주시,,,제주특별자치도 제주시 애월읍 곽지리 1566,33.4499564,126.3041171,,,
571,김녕관광지,제주특별자치도 제주시,,,제주특별자치도 제주시 구좌읍 김녕리 497-5,33.5548971,126.7656156,,,
572,절물자연휴양림,제주특별자치도 제주시,,제주특별자치도 제주시 명림로 584(봉개동),,33.4400488067,126.6252034012,,,
573,노루생태관찰원,제주특별자치도 제주시,,제주특별자치도 제주시 명림로 520(봉개동),,33.4443253,126.6266934,,,
574,제주별빛누리공원,제주특별자치도 제주시,,제주특별자치도 제주시 선돌목동길 60(오등동),제주특별자치도 제주시 오등동 10-34,33.4445529,126.5491863413,,,
575,예천포리관광지,경상북도 예천군,,경상북도 예천군 감천면 복골길 150,경상북도 예천군 감천면 포리 688,36.70015808,128.514204,,,
576,예천삼강,경상북도 예천군,,경상북도 예천군 풍양면 삼강리길 53-23,경상북도 예천군 풍양면 삼강리 58-1,36.5637839295,128.3045089577,,,
577,금마관광지,전라북도 익산시,,전라북도 익산시 금마면 고도9길 41-14,전라북도 익산시 금마면 동고도리 534-3,36.0015063,127.0570781,,,
578,미륵사지관광지,전라북도 익산시,,전라북도 익산시 금마면 미륵사지로 362,전라북도 익산시 금마면 기양리 104-1,36.011542323,127.0287138606,,,
579,왕궁보석테마 관광지,전라북도 익산시,,전라북도 익산시 왕궁면 호반로 8,전라북도 익산시 왕궁면 동용리 541-1,35.9906127926,127.1025486315,,,
580,웅포관광지,전라북도 익산시,,전라북도 익산시 웅포면 강변로 25,전라북도 익산시 웅포면 웅포리 727,36.0658139063,126.8754192725,,,
581,운일암반일암,전라북도 진안군,,전라북도 진안군 주천면 동상주천로 1924,전라북도 진안군 주천면 주양리 630,35.979875,127.396028,,,
582,마이산도립공원 일원,전라북도 진안군,,전라북도 진안군 마령면 마이산남로 182,전라북도 진안군 마령면 동촌리 76-2,35.757066,127.393795,,,
583,용담호및주변시설,전라북도 진안군,,전라북도 진안군 안용로 793,전라북도 진안군 안천면 삼락리 1179-2,35.946973,127.525991,,,
584,운장산자연휴양림,전라북도 진안군,,전라북도 진안군 정천면 휴향림길 77,전라북도 진안군 정천면 갈용리 산 183,35.895328,127.425691,,,
585,데미샘자연휴양림,전라북도 진안군,,전라북도 진안군 백운면 데미샘1길 172,전라북도 진안군 백운면 덕현리 산 100,35.651308,127.464888,,,
586,진안고원치유의숲,전라북도 진안군,,전라북도 진안군 봉학로 171-22,전라북도 진안군 정천면 봉학리 688,35.885974,127.403479,,,
587,가위박물관,전라북도 진안군,,전라북도 진안군 진안읍 마이산로 258,전라북도 진안군 진안읍 단양리 690-4,35.766161,127.414949,,,
588,산청전통한방휴양관광지,경상남도 산청군,,경상남도 산청군 금서면 동의보감로555번길 45-6,경상남도 산청군 금서면 특리 1300-86,35.44106575,127.8293609,,,
589,산청중산관광지,경상남도 산청군,,경상남도 산청군 시천면 지리산대로 525,경상남도 산청군 시천면 중산리 519,35.29329703,127.7549296,,,
590,산청금서관광지,경상남도 산청군,,경상남도 산청군 금서면 친환경로 1715,경상남도 산청군 금서면 지막리 산12,35.394237,127.847052,,,
591,도림사,전라남도 곡성군,,전라남도 곡성군 곡성읍 도림로 175,전라남도 곡성군 곡성읍 월봉리 327,35.26727743,127.2575047,,,
592,공곶이,경상남도 거제시,,,경상남도 거제시 일운면 와현리 87,34.799878,128.715007,,,
593,섬진강 기차마을,전라남도 곡성군,,전라남도 곡성군 오곡면 기차마을로 232,전라남도 곡성군 오곡면 오지리 770-5,35.27753157,127.3082867,,,
594,대성관광지,경기도 가평군,,경기도 가평군 청평면 대성강변길 14,경기도 가평군 청평면 대성리 601-3,37.67999086,127.3799217,,,
595,산장관광지,경기도 가평군,,경기도 가평군 상면 덕현산장길 71 산장관광지,경기도 가평군 상면 덕현리 21,37.75420886,127.4105873,,,
596,맹종죽테마공원,경상남도 거제시,,경상남도 거제시 하청면 거제북로 700,경상남도 거제시 하청면 실전리 880-3,34.967708,128.650512,,,
597,거제박물관,경상남도 거제시,,경상남도 거제시 거제대로 3791(옥포동),경상남도 거제시 옥포동 1565,34.894071,128.686203,,,
598,거제시농업개발원,경상남도 거제시,,경상남도 거제시 거제면 거제남서로 3577,경상남도 거제시 거제면 서정리 855-9,34.856464,128.579187,,,
599,거제요트학교,경상남도 거제시,,경상남도 거제시 일운면 지세포해안로 41,경상남도 거제시 일운면 지세포리 929-88,34.833694,128.701885,,,
600,거제자연휴양림,경상남도 거제시,,경상남도 거제시 동부면 거제중앙로 325,경상남도 거제시 동부면 구천리 산103,34.785699,128.625943,,,
601,계도어촌체험마을,경상남도 거제시,,경상남도 거제시 사등면 가조로 837,경상남도 거제시 사등면 창호리 1070-14,34.974872,128.517512,,,
602,다대어촌체험마을,경상남도 거제시,,경상남도 거제시 남부면 다대5길 11,경상남도 거제시 남부면 다대리 424,34.73449995,128.630513,,,
603,도장포어촌체험마을,경상남도 거제시,,경상남도 거제시 남부면 도장포1길 76,경상남도 거제시 남부면 갈곶리 292-13,34.743449,128.662475,,,
604,쌍근어촌체험마을,경상남도 거제시,,경상남도 거제시 남부면 남부해안로 1094,경상남도 거제시 남부면 탑포리 504-1,34.762399,128.589438,,,
605,씨라인,경상남도 거제시,,경상남도 거제시 덕포5길 32-3,경상남도 거제시 덕포동 365-3,34.91111602,128.7102346,,,
606,오션어드벤처,경상남도 거제시,,경상남도 거제시 일운면 거제대로 2660,경상남도 거제시 일운면 소동리 115,34.843791,128.702943,,,
607,옥포대첩기념공원,경상남도 거제시,,경상남도 거제시 팔랑포2길 87,경상남도 거제시 옥포동 산1-1,34.902196,128.714059,,,
608,조선해양문화관,경상남도 거제시,,경상남도 거제시 일운면 지세포해안로 41,경상남도 거제시 일운면 지세포리 929-88,34.833694,128.701885,,,
609,지심도,경상남도 거제시,,경상남도 거제시 일운면 지심도길 56-12,경상남도 거제시 일운면 옥림리 산1,34.820647,128.751037,,,
610,칠천량해전공원,경상남도 거제시,,경상남도 거제시 하청면 칠천로 265-39,경상남도 거제시 하청면 연구리 산85-4,34.977629,128.628247,,,
611,포로수용소유적공원,경상남도 거제시,,경상남도 거제시 계룡로 61,경상남도 거제시 고현동 362,34.87637998,128.625371,,,
612,거제해금강,경상남도 거제시,,,경상남도 거제시 남부면 갈곶리 산 1,34.732851,128.683858,,,
613,외도,경상남도 거제시,,경남 거제시 일운면 외도길 17,경상남도 거제시 일운면 와현리 산 109,34.769507,128.711805,,,
614,김영삼전대통령생가기록전시관,경상남도 거제시,,경상남도 거제시 장목면 옥포대첩로 743,경상남도 거제시 장목면 외포리 1371,34.931413,128.715439,,,
615,문동휴양지,경상남도 거제시,,,경상남도 거제시 문동동 산 8,34.859998,128.664094,,,
616,바람의언덕,경상남도 거제시,,,경상남도 거제시 남부면 갈곶리 산14-47,34.742256,128.662967,,,
617,우제봉전망대,경상남도 거제시,,,경남 거제시 남부면 갈곶리 산2-16,34.732023,128.673563,,,
618,청마기념관,경상남도 거제시,,경상남도 거제시 둔덕면 방하2길 6,경상남도 거제시 둔덕면 방하리 505-1,34.854887,128.517123,,,
619,씨월드,경상남도 거제시,,경상남도 거제시 일운면 지세포해안로 15,경상남도 거제시 일운면 소동리 478-1,34.835848,128.701478,,,
620,알로에테마파크,경상남도 거제시,,경상남도 거제시 거제면 거제남서로 3937,경상남도 거제시 거제면 내간리 산121-3,34.835716,128.560282,,,
621,노을이물드는언덕,경상남도 거제시,,,경상남도 거제시 사등면 창호리 1475,34.954616,128.519341,,,
622,가조수협효시공원,경상남도 거제시,,경상남도 거제시 사등면 가조서로 7,경상남도 거제시 사등면 창호리 2080,34.929516,128.525144,,,
623,오-월드,대전광역시 중구,,대전광역시 중구 사정공원로 70(사정동),대전광역시 중구 사정동 142,36.28749924,127.3985039,,,
624,뿌리공원,대전광역시 중구,,대전광역시 중구 뿌리공원로 79(침산동),대전광역시 중구 침산동 364,36.28538043,127.3883000376,,,
625,아쿠아리움,대전광역시 중구,,대전광역시 중구 보문산공원로 469(대사동),대전광역시 중구 대사동 198-14,36.31005741,127.4209439,,,
626,소요산관광지,경기도 동두천시,,경기도 동두천시 평화로2910번길 145,경기도 동두천시 상봉암동 산 1-1,37.94652177,127.0693409,,,
627,진하해수욕장,울산광역시 울주군,,울산광역시 울주군 서생면 진하길 7,울산광역시 울주군 서생면 진하리 307-2,35.3855388,129.3415755,,,
628,영남알프스 복합웰컴센터,울산광역시 울주군,,울산광역시 울주군 상북면 알프스온천5길 103-8,울산광역시 울주군 상북면 등억알프스리 515-4,35.55645417,129.0679842,,,
629,외고산옹기마을,울산광역시 울주군,,울산광역시 울주군 온양읍 외고산 3길 36,울산광역시 울주군 온양읍 고산리 501-18,35.435094,129.2795067,,,
630,울주 대곡리 반구대 암각화,울산광역시 울주군,,울산광역시 울주군 언양읍 반구대안길 285,울산광역시 울주군 언양읍 대곡리 991,35.60863087,129.172957,,,
631,작괘천,울산광역시 울주군,,,울산광역시 울주군 상북면 등억알프스리 18-2,35.563321,129.061043,,,
632,대운산 내원암 계곡,울산광역시 울주군,,울산광역시 울주군 온양읍 대운상대길 382,울산광역시 울주군 온양읍 운화리 1312,35.39913422,129.2309807,,,
633,간절곶 공원,울산광역시 울주군,,울산광역시 울주군 서생면 간절곶해안길 205,울산광역시 울주군 서생면 대송리 2,35.3625312,129.3591079,,,
634,명승 거창 수승대,경상남도 거창군,,경상남도 거창군 위천면 은하리길 2,경상남도 거창군 위천면 황산리 750-3,35.760923,127.8336763,,,
635,가조온천,경상남도 거창군,,경상남도 거창군 가조면 온천길161,경상남도 거창군 가조면 일부리 1301,35.69875771,128.0231044,,,
636,회산백련지,전라남도 무안군,,전라남도 무안군 일로읍 백련로 333,전라남도 무안군 일로읍 복룡리 150,34.86034808,126.5300096,,,
637,은평역사한옥박물관,서울특별시 은평구,,서울특별시 은평구 연서로50길 8,서울특별시 은평구 진관동 135-5,37.6403324561,126.938010212,,,
638,금성당,서울특별시 은평구,,서울특별시 은평구 진관2로 57-23,서울특별시 은평구 진관동 175-836,37.635135471,126.9253799732,,,
639,괴강,충청북도 괴산군,,충청북도 괴산군 괴산읍 충민로검승3길 10,충청북도 괴산군 괴산읍 검승리 623,36.80676203,127.8252917,,,
640,수옥정,충청북도 괴산군,,"충청북도 괴산군 연풍면 수옥정길 174, 수옥정관광지관리사무소",충청북도 괴산군 연풍면 원풍리 52-5,36.81361722,128.036232,,,
641,변산해수욕장,전라북도 부안군,,전라북도 부안군 변산면 변산로 2086,전라북도 부안군 변산면 대항리 523-117,35.67999179,126.5309105,,,
642,위도해수욕장,전라북도 부안군,,전라북도 부안군 위도면 위도로 366,전라북도 부안군 위도면 진리 545,35.6058309773,126.2853294341,,,
643,모항해수욕장,전라북도 부안군,,전라북도 부안군 변산면 모항길 23-1,전라북도 부안군 변산면 도청리 165,35.5831428,126.5082098,,,
644,좌구산휴양랜드,충청북도 증평군,,충청북도 증평군 증평읍 솟점말길 107,충청북도 증평군 증평읍 율리 산 61-1,36.70556821,127.6511216,,,
645,좌구산 천문대,충청북도 증평군,,충청북도 증평군 증평읍 솟점말길 107,충청북도 증평군 증평읍 율리 산 61-1,36.70556821,127.6511216,,,
646,증평민속체험박물관,충청북도 증평군,,충청북도 증평군 증평읍 둔덕길 89,충청북도 증평군 증평읍 남하리 91,36.7638886,127.5955694,,,
647,보강천 미루나무숲,충청북도 증평군,,충청북도 증평군 증평읍 인삼로 23,충청북도 증평군 증평읍 송산리 667,36.7873273,127.5728127,,,
648,증평인삼판매장,충청북도 증평군,,충청북도 증평군 증평읍 중부로 2451,충청북도 증평군 증평읍 송산리 94-1,36.79588146,127.5817602,,,
649,에듀팜특구관광단지(벨포레리조트),충청북도 증평군,,충청북도 증평군 도안면 벨포레길 346,충청북도 증평군 증평읍 연촌리 산 58,36.84514868,127.5821182,,,
650,반월호수,경기도 군포시,,경기도 군포시 호수로 92,경기도 군포시 둔대동 52-2,37.3245823842,126.8899642222,,,
651,초막골 생태공원,경기도 군포시,,경기도 군포시 초막골길 216,경기도 군포시 산본동 856,37.3541009709,126.9191416994,,,
652,수리산 도립공원,경기도 군포시,,경기도 군포시 속달로 347-4,경기도 군포시 속달동 306,37.3479964585,126.9005247934,,,
653,수리산 산림욕장,경기도 군포시,,경기도 군포시 수리산로 6-2,경기도 군포시 산본동 1226,37.3576152712,126.9236481004,,,
654,철쭉동산,경기도 군포시,,경기도 군포시 고산로 460,경기도 군포시 산본동 1152-10,37.355608132,126.9269137321,,,
655,수리사,경기도 군포시,,경기도 군포시 속달로 347-181,경기도 군포시 속달동 329,37.3544360665,126.8967938163,,,
656,물누리체험관,경기도 군포시,,경기도 군포시 호수로 170-85,경기도 군포시 둔대동 301-5,37.3213650505,126.8996775289,,,
657,누리천문대,경기도 군포시,,경기도 군포시 대야2로 139,경기도 군포시 대야미동 636-7,37.3302828307,126.9153443922,,,
658,문경새재 도립공원,경상북도 문경시,,경상북도 문경시 문경읍 새재로 932,,36.76160207,128.0769905,,,
659,문경 에코랄라(석탄박물관 포함),경상북도 문경시,,경상북도 문경시 가은읍 왕능길 112,,36.65420039,128.0613259,,,
660,문경 철로자전거(진남역),경상북도 문경시,,,경상북도 문경시 마성면 신현리 126-1,36.6546769,128.1263292,,,
661,문경 철로자전거(구랑리역),경상북도 문경시,,경상북도 문경시 마성면 구랑로 20,,36.66102501,128.0993075,,,
662,문경 철로자전거(가은역),경상북도 문경시,,경상북도 문경시 가은읍 대야로 2445,,36.64931827,128.0607306,,,
663,문경 오미자테마터널,경상북도 문경시,,,경상북도 문경시 마성면 신현리 103-1,36.65989315,128.1286031,,,
664,"고모산성, 토끼비리",경상북도 문경시,,,경상북도 문경시 마성면 신현리 산30-1,36.661492,128.1269726,,,
665,문경짚라인,경상북도 문경시,,경상북도 문경시 불정길 174,,36.62285644,128.1367824,,,
666,문경 종합온천,경상북도 문경시,,경상북도 문경시 문경읍 온천2길 24,,36.72937376,128.1089547,,,
667,문경 활공랜드,경상북도 문경시,,,경상북도 문경시 문경읍 고요리 436-2,36.7362239,128.1517095,,,
668,불정자연휴양림,경상북도 문경시,,경상북도 문경시 불정길 180,,36.62128207,128.1365074,,,
669,선바위관광지,경상북도 영양군,,경상북도 영양군 입암면 영양로 883-16,,36.60854407,129.0820141,,,
670,탑산약수온천,경상북도 의성군,,경상북도 의성군 봉양면 도리원2길 88-42,경상북도 의성군 봉양면 구산리 1635,36.3039619471,128.5892642391,,,
671,석정온천관광지,전라북도 고창군,,전라북도 고창군 고창읍 석정2로 173,전라북도 고창군 고창읍 석정리 733,35.43111098,126.7405968,,,
672,고석정,강원도 철원군,,강원도 철원군 동송읍 태봉로 1825,강원도 철원군 동송읍 장흥리 20-1,38.18542141,127.2874037,,,
673,직탕,강원도 철원군,,강원도 철원군 갈말읍 직탕길 32,강원도 철원군 갈말읍 상사리 552,38.2069247,127.2690548,,,
674,오동도,전라남도 여수시,,전라남도 여수시 오동도로 222,전라남도 여수시 수정동 1-2,34.7443435,127.764121,,,
675,진남관,전라남도 여수시,,전라남도 여수시 동문로 11,전라남도 여수시 군자동 472,34.7413383,127.7365704127,,,
676,향일암,전라남도 여수시,,전라남도 여수시 돌산읍 향일암로 60,전라남도 여수시 율림리 산 7,34.59379448,127.8029861,,,
677,여수해상케이블카,전라남도 여수시,,전라남도 여수시 자산4길 39,전라남도 여수시 수정동 332-57,34.7402223,127.7529196721,,,
678,여수세계박람회장,전라남도 여수시,,전라남도 여수시 박람회길 1,전라남도 여수시 덕충동 2005,34.7521895579,127.7465005087,,,
679,여수해양공원,전라남도 여수시,,전라남도 여수시 하멜로 96,전라남도 여수시 종화동 458-5,34.7367669832,127.7484079149,,,
680,예술랜드리조트,전라남도 여수시,,"전라남도 여수시 돌산읍 무술목길 142-1,",전라남도 여수시 돌산읍 평사리 산244,34.6951070227,127.7769452235,,,
681,여수이순신대교,전라남도 여수시,,전남 여수시 묘도7길 110,전남 여수시 묘도동 산127-37,34.888766,127.705501,,,
682,신정호국민관광지,충청남도 아산시,,충청남도 아산시 신정로 616,충청남도 아산시 방축동 5,36.7715214106,126.9839151707,,,
683,아산온천관광지,충청남도 아산시,,충청남도 아산시 송악면 도송로632번길 138,충청남도 아산시 음봉면 신수리 292-6,36.6988475905,126.9666068657,,,
684,두타연,강원도 양구군,,강원도 방산면 두타연로 297,강원도 양구군 방산면 고방산리 1024,38.272446,127.995484,,,
685,한반도섬,강원도 양구군,,강원도 양구군 양구읍 고대리 649-1,강원도 양구군 양구읍 고대리 649-1,38.130582,127.982972,,,
686,을지전망대,강원도 양구군,,강원도 양구군 해안면 전망대로 540,강원도 양구군 해안면 후리 621,38.3247414638,128.1355517642,,,
687,제4땅굴,강원도 양구군,,양구군 해안면 땅굴로 454,강원도 양구군 해안면 이현리 743,38.3196354237,128.1107276057,,,
688,국토정중앙천문대,강원도 양구군,,강원도 양구군 남면 국토정중앙로 127,강원도 양구군 남면 도촌리 96-5,38.0689400086,128.0296779964,,,
689,"양구자연생태공원(생태식물원,DMZ야상화분재원,DMZ야생동물생태관)",강원도 양구군,,강원도 양구군 동면 숨골로 310번길 169,강원도 양구군 동면 원당리 180,38.191978,128.0769702285,,,
690,대가야생활촌,경상북도 고령군,,경상북도 고령군 대가야읍 신남로 81,경상북도 고령군 대가야읍 고아리 658,35.7118532,128.269244,,,
691,대가야역사테마관광지,경상북도 고령군,,경상북도 고령군 대가야읍 대가야로 1216,경상북도 고령군 대가야읍 지산리 471-1,35.72008263,128.2596761,,,
692,부례관광지,경상북도 고령군,,경상북도 고령군 우곡면 우곡강변길 672,경상북도 고령군 우곡면 예곡리 97,35.67179721,128.3596243,,,
693,청도박물관,경상북도 청도군,,경상북도 청도군 이서면 이서로 567,경상북도 청도군 이서면 양원리 129-5,35.6942561,128.6865383,,,
694,한국코미디타운,경상북도 청도군,,경상북도 청도군 이서면 이서로 565,경상북도 청도군 이서면 양원리 91-3,35.69358881,128.6863121,,,
695,소싸움테마파크,경상북도 청도군,,경상북도 청도군 화양읍 남성현로 346,경상북도 청도군 화양읍 삼신리 1059-1,35.68529236,128.724138,,,
696,청도레일바이크,경상북도 청도군,,경상북도 청도군 청도읍 하지길 46-51,경상북도 청도군 청도읍 신도리 48-2,35.58811543,128.7661723,,,
697,청도자전거공원,경상북도 청도군,,,경상북도 청도군 청도읍 유호리 39-15,35.58765883,128.7653536,,,
698,청도신화랑풍류마을,경상북도 청도군,,경상북도 청도군 운문면 운문로 2455,경상북도 청도군 운문면 방지리 89,35.71807519,128.9223074,,,
699,새마을운동발상지기념공원,경상북도 청도군,,경상북도 청도군 청도읍 새마을1길 34,경상북도 청도군 청도읍 신도리 18-2,35.60019163,128.7661495,,,
700,청도소싸움경기장,경상북도 청도군,,경상북도 청도군 화양읍 남성현로 348,경상북도 청도군 화양읍 삼신리 693-2,35.68673395,128.7251463,,,
701,와인터널,경상북도 청도군,,경상북도 청도군 화양읍 송금길 100,경상북도 청도군 화양읍 송금리 산121,35.71513567,128.7205341,,,
702,프로방스 포토랜드,경상북도 청도군,,경상북도 청도군 화양읍 이슬미로 272-20,경상북도 청도군 화양읍 삼신리 877,35.68355077,128.7188703,,,
703,가산산성,경상북도 칠곡군,,,경상북도 칠곡군 동명면 남원리 32-78,36.021011,128.590851,,,
704,가산산성야영장,경상북도 칠곡군,,경상북도 칠곡군 동명면 한티로 1034,,36.016197,128.618108,,,
705,구상문학관,경상북도 칠곡군,,경상북도 칠곡군 왜관읍 구상길 191,,35.983943,128.394568,,,
706,다부동전적기념관,경상북도 칠곡군,,경상북도 칠곡군 가산면 호국로 1486,,36.046443,128.518875,,,
707,송정자연휴양림,경상북도 칠곡군,,경상북도 칠곡군 석적읍 반계3길 88,,36.023332,128.441641,,,
708,칠곡보오토캠핑장,경상북도 칠곡군,,경상북도 칠곡군 약목면 강변서로 110-43,,36.020591,128.394566,,,
709,칠곡호국평화기념관,경상북도 칠곡군,,경상북도 칠곡군 석적읍 강변대로 1580,,36.017918,128.404032,,,
710,칠곡양떼목장,경상북도 칠곡군,,경상북도 칠곡군 지천면 창평로 209-42,,35.984545,128.48874,,,
711,가산수피아,경상북도 칠곡군,,경상북도 칠곡군 가산면 학하들안2길 105,,36.086109,128.485044,,,
712,국립칠곡숲체원,경상북도 칠곡군,,경상북도 칠곡군 석적읍 유학로 532,,36.063539,128.466183,,,
713,마곡사관광지,충청남도 공주시,,,충청남도 공주시 사곡면 운암리 731-2,36.5561713566,127.020329,,,
714,공주문화관광지,충청남도 공주시,,,충청남도 공주시 웅진동 431,36.4707618338,127.1108054958,,,
715,지리산 온천관광지,전라남도 구례군,,전라남도 구례군 산동면 지리산온천로 261,전라남도 구례군 산동면 관산리 522,35.3184937,127.4577881,,,
716,사계고택,충청남도 계룡시,,충청남도 계룡시 두마면 사계로 122-4,충청남도 계룡시 두마면 두계리 96,36.265691,127.271724,,,
717,모원재,충청남도 계룡시,,충청남도 계룡시 두마면 왕대2길6-10,충청남도 계룡시 두마면 왕대리 281-1,36.254886,127.2732752845,,,
718,염선재,충청남도 계룡시,,충청남도 계룡시 사계로 5-16(금암동),충청남도 계룡시 금암동 45,36.2693923,127.261851,,,
719,이심원충신정려현판,충청남도 계룡시,,충청남도 계룡시 금암1 길 7(금암동),충청남도 계룡시 금암동 281-4,36.280034,127.2470773156,,,
720,신원재,충청남도 계룡시,,충청남도 계룡시 두마면 왕대2길43,충청남도 계룡시 두마면 왕대리 299,36.255245,127.270342,,,
721,광덕계곡관광지,강원도 화천군,,강원도 화천군 사내면 포화로 일원,강원도 화천군 사내면 광덕리 일원,38.1077,127.4412,,,
722,불회사,전라남도 나주시,,전라남도 나주시 다도면 다도로 1224-142,전라남도 나주시 다도면 마산리 999,34.9085344,126.8212738,,,
723,금성관,전라남도 나주시,,전라남도 나주시 금성관길 8,전라남도 나주시 과원동 109-5,35.0328694,126.7144929,,,
724,도래마을(홍기옥 가옥),전라남도 나주시,,전라남도 나주시 다도면 동력길 16,전라남도 나주시 다도면 풍산리 199,34.9982734,126.8203117,,,
725,정수루,전라남도 나주시,,전라남도 나주시 금성관길 13-20,전라남도 나주시 금계동 33-18,35.0321775,126.7160575,,,
726,나주향교,전라남도 나주시,,전라남도 나주시 향교길 38,전라남도 나주시 교동 32-3,35.0335556,126.7093249,,,
727,완사천,전라남도 나주시,,전라남도 나주시 완사천길 14,전라남도 나주시 송월동 1096-13,35.0154791,126.7118546,,,
728,목사내아,전라남도 나주시,,전라남도 나주시 금성관길 13-8,전라남도 나주시 금계동 33-31,35.0320205,126.7143379,,,
729,영모정,전라남도 나주시,,전라남도 나주시 다시면 회진길 14-8,전라남도 나주시 다시면 회진리 101,34.9972536,126.6649382,,,
730,남고문,전라남도 나주시,,,전라남도 나주시 남내동 2-20,35.0295791,126.7183107,,,
731,구)나주역,전라남도 나주시,,전라남도 나주시 죽림길 26,전라남도 나주시 죽림동 60-172,35.0280742,126.7240915,,,
732,노안천주교회,전라남도 나주시,,전라남도 나주시 노안면 이슬촌길 108,전라남도 나주시 노안면 양천리 780,35.1035406,126.6729169,,,
733,나주시천연염색박물관,전라남도 나주시,,전라남도 나주시 다시면 백호로 379,전라남도 나주시 다시면 회진리 163,34.9941709,126.660678,,,
734,나주목문화관,전라남도 나주시,,전라남도 나주시 금성관길 15,전라남도 나주시 금계동 13-2,35.0322924,126.7135485,,,
735,중흥골드스파&리조트,전라남도 나주시,,전라남도 나주시 다도면 나주호로 558-314,전라남도 나주시 다도면 방산리 1449-4,34.9482971,126.8692314,,,
736,나주영상테마파크,전라남도 나주시,,전라남도 나주시 공산면 덕음로 450,전라남도 나주시 공산면 신곡리 산2,34.9789507,126.5995011,,,
737,남파고택,전라남도 나주시,,전라남도 나주시 금성길 13,전라남도 나주시 남내동 95-25,35.0306171,126.71622,,,
738,반남고분군,전라남도 나주시,,전라남도 나주시 반남면 고분로 756,전라남도 나주시 반남면 신촌리 249-2,34.914685,126.6591998,,,
739,백호문학관,전라남도 나주시,,전라남도 나주시 다시면 회진길 8,전라남도 나주시 다시면 회진리 103,34.996891,126.6647524,,,
740,국립나주박물관,전라남도 나주시,,전라남도 나주시 반남면 고분로 747,전라남도 나주시 신촌리 152-25,34.9144962,126.6574509,,,
741,영산포 역사갤러리,전라남도 나주시,,전라남도 나주시 영산3길 17 영산포,전라남도 나주시 영산동 247-2,35.0006914,126.7093485,,,
742,나주복암리고분전시관,전라남도 나주시,,전라남도 나주시 다시면 백호로 287,전라남도 나주시 다시면 복암리 71,34.9961663,126.6538838,,,
743,일본인근대가옥,전라남도 나주시,,전라남도 나주시 예향로 3869-4,전라남도 나주시 영산동 660,35.0009356,126.7112913,,,
744,빛가람호수공원전망대,전라남도 나주시,,전라남도 나주시 호수로 77,전라남도 나주시 빛가람동 산4-321,35.0152195,126.7811718,,,
